Workbook
Name Segment_Jour: #N/A
Name Segment_JOUR1: #N/A
Name Segment_VEHICULE: #N/A
Name Segment_Véhicule: #N/A

Sheet UTILISATION TRACTEURS
I2: x

Sheet ACTIVITE BASES
F2: DASHBOARD SUIVI ACTIVITE TACTEURS ROUTIERS

Sheet Données Hebdo
A1: JOUR | B1: VEHICULE | C1: Durée | D1: Distance (km) | E1: Vitesse (km/h) | F1: Excés de vitesse | G1: Freinage | H1: Au ralenti | I1: Ralenti Durée | J1: Durée Utilisation
A2: Lundi | B2: BV666 | C2: 05:23:30 | D2: 33.82 | E2: 47 | F2: 0 | G2: 48 | H2: 0 | J2: =IFERROR(C2-I2,C2) -> 05:23:30 | K2: =I2+I6 -> #VALUE! | L2: 1.8669792
A3: Lundi | B3: BV778 | C3: 06:33:20 | D3: 48.73 | E3: 44 | F3: 0 | G3: 82 | H3: 0 | J3: =IFERROR(C3-I3,C3) -> 06:33:20 | K3: =I3+I7 -> #VALUE! | M3: =IFERROR(C3-I3,C3) -> 06:33:20
A4: Lundi | B4: BV793 | D4: 0 | E4: 0 | F4: 0 | G4: 0 | H4: 0 | J4: =IFERROR(C4-I4,C4) | K4: =I4+I8 -> #VALUE!
A5: Lundi | B5: BV794 | C5: 03:30:26 | D5: 36.02 | E5: 53 | F5: 0 | G5: 30 | H5: 2 | I5: 00:27:35 | J5: =IFERROR(C5-I5,C5) -> 0.12697917 | K5: =I5+I9 -> 0.026770833
A6: Lundi | B6: BVC74 | D6: 0 | E6: 0 | F6: 0 | G6: 0 | H6: 0 | J6: =IFERROR(C6-I6,C6) | K6: =I6+I10 -> #VALUE!
A7: Lundi | B7: BVC82 | C7: 00:00:12 | D7: 0 | E7: 0 | F7: 0 | G7: 0 | H7: 0 | J7: =IFERROR(C7-I7,C7) -> 00:00:12 | K7: =J7/24 -> 5.787037e-06
A8: Lundi | B8: BVT17 | C8: 04:17:52 | D8: 35.34 | E8: 58 | F8: 0 | G8: 0 | H8: 2 | I8: 00:56:00 | J8: =IFERROR(C8-I8,C8) -> 0.14018519 | K8: =J8/24 -> 0.0058410494
A9: Lundi | B9: BVT19 | C9: 00:10:51 | D9: 0.01 | E9: 0 | F9: 0 | G9: 0 | H9: 1 | I9: 00:10:58 | K9: =J9/24 -> 0
A10: Lundi | B10: BVT20 | C10: 00:55:59 | D10: 0.22 | E10: 15 | F10: 0 | G10: 0 | H10: 1 | I10: 00:26:15 | J10: =IFERROR(C10-I10,C10) -> 0.020648148 | K10: =J10/24 -> 0.00086033951
A11: Lundi | B11: BVT24 | C11: 10:29:08 | D11: 184.1 | E11: 64 | F11: 0 | G11: 25 | H11: 8 | I11: 02:27:07 | J11: =IFERROR(C11-I11,C11) -> 0.3347338 | K11: =J11/24 -> 0.013947242
A12: Lundi | B12: BVT25 | D12: 0 | E12: 0 | F12: 0 | G12: 0 | H12: 0 | J12: =IFERROR(C12-I12,C12) | K12: =J12/24 -> #VALUE!
A13: Lundi | B13: BVT26 | C13: 07:01:13 | D13: 140.44 | E13: 59 | F13: 0 | G13: 2 | H13: 5 | I13: 01:19:33 | J13: =IFERROR(C13-I13,C13) -> 0.23726852 | K13: =J13/24 -> 0.0098861883
A14: Lundi | B14: BVT31 | D14: 0 | E14: 0 | F14: 0 | G14: 0 | H14: 0 | J14: =IFERROR(C14-I14,C14) | K14: =J14/24 -> #VALUE!
A15: Lundi | B15: BVT37 | C15: 12:08:53 | D15: 297.53 | E15: 63 | F15: 0 | G15: 0 | H15: 7 | I15: 03:14:55 | J15: =IFERROR(C15-I15,C15) -> 0.37081019 | K15: =J15/24 -> 0.015450424
A16: Lundi | B16: BVT38 | C16: 00:43:56 | D16: 0.56 | E16: 10 | F16: 0 | G16: 0 | H16: 2 | I16: 00:29:40 | J16: =IFERROR(C16-I16,C16) -> 0.0099074074 | K16: =J16/24 -> 0.00041280864
A17: Lundi | B17: BVT50 | C17: 08:41:19 | D17: 248.39 | E17: 70 | F17: 0 | G17: 0 | H17: 0 | J17: =IFERROR(C17-I17,C17) -> 08:41:19 | K17: =J17/24 -> 0.015084394
A18: Lundi | B18: BVT51 | C18: 06:57:36 | D18: 28.48 | E18: 72 | F18: 1 | G18: 0 | H18: 3 | I18: 04:53:37 | J18: =IFERROR(C18-I18,C18) -> 0.086099537 | K18: =J18/24 -> 0.0035874807
A19: Lundi | B19: BVT58 | C19: 06:04:31 | D19: 33.86 | E19: 57 | F19: 0 | G19: 0 | H19: 3 | I19: 01:55:07 | J19: =IFERROR(C19-I19,C19) -> 0.17319444 | K19: =J19/24 -> 0.0072164352
A20: Lundi | B20: BVT59 | D20: 0 | E20: 0 | F20: 0 | G20: 0 | H20: 0 | J20: =IFERROR(C20-I20,C20) | K20: =J20/24 -> #VALUE!
A21: Lundi | B21: BVT60 | C21: 03:37:58 | D21: 37.94 | E21: 55 | F21: 0 | G21: 0 | H21: 3 | I21: 01:02:17 | J21: =IFERROR(C21-I21,C21) -> 0.10811343 | K21: =J21/24 -> 0.0045047261
A22: Lundi | B22: BVT61 | D22: 0 | E22: 0 | F22: 0 | G22: 0 | H22: 0 | J22: =IFERROR(C22-I22,C22) | K22: =J22/24 -> #VALUE!
A23: Lundi | B23: BVT62 | C23: 02:03:03 | D23: 1.56 | E23: 15 | F23: 0 | G23: 0 | H23: 3 | I23: 00:56:14 | J23: =IFERROR(C23-I23,C23) -> 0.046400463 | K23: =J23/24 -> 0.0019333526
A24: Lundi | B24: BVT65 | C24: 04:36:44 | D24: 13.61 | E24: 33 | F24: 0 | G24: 0 | H24: 6 | I24: 02:36:18 | J24: =IFERROR(C24-I24,C24) -> 0.083634259 | K24: =J24/24 -> 0.0034847608
A25: Lundi | B25: BVT77 | C25: 08:37:36 | D25: 211.22 | E25: 68 | F25: 0 | G25: 0 | H25: 4 | I25: 01:05:57 | J25: =IFERROR(C25-I25,C25) -> 0.31364583 | K25: =J25/24 -> 0.013068576
A26: Lundi | B26: BVT78 | C26: 07:54:50 | D26: 216.1 | E26: 77 | F26: 4 | G26: 1 | H26: 0 | J26: =IFERROR(C26-I26,C26) -> 07:54:50 | K26: =J26/24 -> 0.01373939
A27: Lundi | B27: BVT79 | C27: 08:05:47 | D27: 207.67 | E27: 69 | F27: 0 | G27: 13 | H27: 3 | I27: 00:37:28 | J27: =IFERROR(C27-I27,C27) -> 0.31133102 | K27: =J27/24 -> 0.012972126
A28: Lundi | B28: BVT80 | C28: 10:00:32 | D28: 181.52 | E28: 63 | F28: 0 | G28: 1 | H28: 7 | I28: 03:20:18 | J28: =IFERROR(C28-I28,C28) -> 0.27793981 | K28: =J28/24 -> 0.011580826
A29: Lundi | B29: BVT81 | D29: 0 | E29: 0 | F29: 0 | G29: 0 | H29: 0 | J29: =IFERROR(C29-I29,C29) | K29: =J29/24 -> #VALUE!
A30: Lundi | B30: BVT82 | C30: 10:59:18 | D30: 209.54 | E30: 62 | F30: 0 | G30: 2 | H30: 7 | I30: 03:24:50 | J30: =IFERROR(C30-I30,C30) -> 0.31560185 | K30: =J30/24 -> 0.013150077 | L30: 1.5118171
A31: Mardi | B31: BV666 | C31: 07:40:24 | D31: 67.18 | E31: 49 | F31: 0 | G31: 89 | H31: 0 | J31: =IFERROR(C31-I31,C31) -> 07:40:24 | K31: =J31/24 -> 0.013321759
A32: Mardi | B32: BV778 | C32: 08:07:56 | D32: 48.73 | E32: 34 | F32: 0 | G32: 76 | H32: 0 | J32: =IFERROR(C32-I32,C32) -> 08:07:56 | K32: =J32/24 -> 0.014118441
A33: Mardi | B33: BV793 | C33: 02:29:08 | D33: 16.23 | E33: 43 | F33: 0 | G33: 45 | H33: 2 | I33: 00:21:58 | J33: =IFERROR(C33-I33,C33) -> 0.088310185 | K33: =J33/24 -> 0.003679591
A34: Mardi | B34: BV794 | C34: 05:37:03 | D34: 56.05 | E34: 44 | F34: 0 | G34: 68 | H34: 0 | J34: =IFERROR(C34-I34,C34) -> 05:37:03 | K34: =J34/24 -> 0.0097526042
A35: Mardi | B35: BVC74 | D35: 0 | E35: 0 | F35: 0 | G35: 0 | H35: 0 | J35: =IFERROR(C35-I35,C35) | K35: =J35/24 -> #VALUE!
A36: Mardi | B36: BVC82 | D36: 0 | E36: 0 | F36: 0 | G36: 0 | H36: 0 | J36: =IFERROR(C36-I36,C36) | K36: =J36/24 -> #VALUE!
A37: Mardi | B37: BVT17 | C37: 09:33:44 | D37: 207.42 | E37: 62 | F37: 0 | G37: 0 | H37: 4 | I37: 02:25:13 | J37: =IFERROR(C37-I37,C37) -> 0.29758102 | K37: =J37/24 -> 0.012399209
A38: Mardi | B38: BVT19 | D38: 0 | E38: 0 | F38: 0 | G38: 0 | H38: 0 | J38: =IFERROR(C38-I38,C38) | K38: =J38/24 -> #VALUE!
A39: Mardi | B39: BVT20 | C39: 05:06:05 | D39: 0.8 | E39: 21 | F39: 0 | G39: 0 | H39: 3 | I39: 04:15:02 | J39: =IFERROR(C39-I39,C39) -> 0.035451389 | K39: =J39/24 -> 0.0014771412
A40: Mardi | B40: BVT24 | C40: 10:31:07 | D40: 166.06 | E40: 68 | F40: 0 | G40: 10 | H40: 5 | I40: 01:21:25 | J40: =IFERROR(C40-I40,C40) -> 0.38173611 | K40: =J40/24 -> 0.015905671
A41: Mardi | B41: BVT25 | C41: 00:18:08 | D41: 0.89 | E41: 35 | F41: 0 | G41: 6 | H41: 0 | J41: =IFERROR(C41-I41,C41) -> 00:18:08 | K41: =J41/24 -> 0.00052469136
A42: Mardi | B42: BVT26 | C42: 11:20:15 | D42: 279.19 | E42: 66 | F42: 0 | G42: 3 | H42: 3 | I42: 00:41:33 | J42: =IFERROR(C42-I42,C42) -> 0.44354167 | K42: =J42/24 -> 0.018480903
A43: Mardi | B43: BVT31 | D43: 0 | E43: 0 | F43: 0 | G43: 0 | H43: 0 | J43: =IFERROR(C43-I43,C43) | K43: =J43/24 -> #VALUE!
A44: Mardi | B44: BVT37 | C44: 06:50:08 | D44: 205.28 | E44: 64 | F44: 0 | G44: 0 | H44: 4 | I44: 01:00:09 | J44: =IFERROR(C44-I44,C44) -> 0.24304398 | K44: =J44/24 -> 0.010126833
A45: Mardi | B45: BVT38 | C45: 08:20:23 | D45: 261.17 | E45: 81 | F45: 8 | G45: 0 | H45: 2 | I45: 00:33:26 | J45: =IFERROR(C45-I45,C45) -> 0.32427083 | K45: =J45/24 -> 0.013511285
A46: Mardi | B46: BVT50 | C46: 06:38:55 | D46: 71.7 | E46: 49 | F46: 0 | G46: 0 | H46: 5 | I46: 01:32:54 | J46: =IFERROR(C46-I46,C46) -> 0.21251157 | K46: =J46/24 -> 0.0088546489
A47: Mardi | B47: BVT51 | C47: 08:31:06 | D47: 30.42 | E47: 79 | F47: 0 | G47: 0 | H47: 4 | I47: 06:24:02 | J47: =IFERROR(C47-I47,C47) -> 0.088240741 | K47: =J47/24 -> 0.0036766975
A48: Mardi | B48: BVT58 | C48: 00:59:38 | D48: 7.32 | E48: 36 | F48: 0 | G48: 0 | H48: 0 | J48: =IFERROR(C48-I48,C48) -> 00:59:38 | K48: =J48/24 -> 0.0017255015
A49: Mardi | B49: BVT59 | D49: 0 | E49: 0 | F49: 0 | G49: 0 | H49: 0 | J49: =IFERROR(C49-I49,C49) | K49: =J49/24 -> #VALUE!
A50: Mardi | B50: BVT60 | C50: 03:36:19 | D50: 49 | E50: 55 | F50: 0 | G50: 0 | H50: 1 | I50: 00:13:41 | J50: =IFERROR(C50-I50,C50) -> 0.14071759 | K50: =J50/24 -> 0.005863233
A51: Mardi | B51: BVT61 | C51: 00:53:51 | D51: 0.05 | E51: 0 | F51: 0 | G51: 0 | H51: 1 | I51: 00:54:04 | K51: =J51/24 -> 0
A52: Mardi | B52: BVT62 | C52: 09:35:51 | D52: 80.71 | E52: 66 | F52: 0 | G52: 1 | H52: 8 | I52: 02:24:17 | J52: =IFERROR(C52-I52,C52) -> 0.29969907 | K52: =J52/24 -> 0.012487461
A53: Mardi | B53: BVT65 | C53: 05:16:24 | D53: 112.21 | E53: 75 | F53: 4 | G53: 0 | H53: 4 | I53: 01:03:42 | J53: =IFERROR(C53-I53,C53) -> 0.17548611 | K53: =J53/24 -> 0.0073119213
A54: Mardi | B54: BVT77 | C54: 09:15:01 | D54: 226.58 | E54: 68 | F54: 0 | G54: 0 | H54: 2 | I54: 00:44:12 | J54: =IFERROR(C54-I54,C54) -> 0.3547338 | K54: =J54/24 -> 0.014780575
A55: Mardi | B55: BVT78 | C55: 10:25:44 | D55: 344.66 | E55: 74 | F55: 16 | G55: 0 | H55: 3 | I55: 01:01:13 | J55: =IFERROR(C55-I55,C55) -> 0.39202546 | K55: =J55/24 -> 0.016334394
A56: Mardi | B56: BVT79 | C56: 07:49:22 | D56: 207.43 | E56: 66 | F56: 0 | G56: 14 | H56: 1 | I56: 00:11:44 | J56: =IFERROR(C56-I56,C56) -> 0.31780093 | K56: =J56/24 -> 0.013241705
A57: Mardi | B57: BVT80 | C57: 12:06:31 | D57: 279.26 | E57: 62 | F57: 0 | G57: 2 | H57: 6 | I57: 01:54:35 | J57: =IFERROR(C57-I57,C57) -> 0.4249537 | K57: =J57/24 -> 0.017706404
A58: Mardi | B58: BVT81 | D58: 0 | E58: 0 | F58: 0 | G58: 0 | H58: 0 | J58: =IFERROR(C58-I58,C58) | K58: =J58/24 -> #VALUE! | L58: 1.7962037
A59: Mardi | B59: BVT82 | C59: 12:19:03 | D59: 216.12 | E59: 62 | F59: 0 | G59: 2 | H59: 7 | I59: 03:52:17 | J59: =IFERROR(C59-I59,C59) -> 0.3519213 | K59: =J59/24 -> 0.014663387
A60: Mercredi | B60: BV666 | C60: 05:21:41 | D60: 48.07 | E60: 38 | F60: 0 | G60: 61 | H60: 0 | J60: =IFERROR(C60-I60,C60) -> 05:21:41 | K60: =J60/24 -> 0.0093079668
A61: Mercredi | B61: BV778 | C61: 06:45:46 | D61: 50.4 | E61: 37 | F61: 0 | G61: 99 | H61: 0 | J61: =IFERROR(C61-I61,C61) -> 06:45:46 | K61: =J61/24 -> 0.011740934
A62: Mercredi | B62: BV793 | D62: 0 | E62: 0 | F62: 0 | G62: 0 | H62: 0 | J62: =IFERROR(C62-I62,C62) | K62: =J62/24 -> #VALUE!
A63: Mercredi | B63: BV794 | C63: 04:08:04 | D63: 31.62 | E63: 47 | F63: 0 | G63: 35 | H63: 1 | I63: 01:34:06 | J63: =IFERROR(C63-I63,C63) -> 0.1069213 | K63: =J63/24 -> 0.004455054
A64: Mercredi | B64: BVC74 | D64: 0 | E64: 0 | F64: 0 | G64: 0 | H64: 0 | J64: =IFERROR(C64-I64,C64) | K64: =J64/24 -> #VALUE!
A65: Mercredi | B65: BVC82 | D65: 0 | E65: 0 | F65: 0 | G65: 0 | H65: 0 | J65: =IFERROR(C65-I65,C65) | K65: =J65/24 -> #VALUE!
A66: Mercredi | B66: BVT17 | C66: 16:47:28 | D66: 313.17 | E66: 64 | F66: 0 | G66: 0 | H66: 7 | I66: 01:55:35 | J66: =IFERROR(C66-I66,C66) -> 0.61936343 | K66: =J66/24 -> 0.025806809
A67: Mercredi | B67: BVT19 | C67: 02:29:19 | D67: 23.14 | E67: 65 | F67: 0 | G67: 0 | H67: 1 | I67: 00:29:43 | J67: =IFERROR(C67-I67,C67) -> 0.083055556 | K67: =J67/24 -> 0.0034606481
A68: Mercredi | B68: BVT20 | C68: 06:38:40 | D68: 103.5 | E68: 67 | F68: 0 | G68: 0 | H68: 4 | I68: 01:51:59 | J68: =IFERROR(C68-I68,C68) -> 0.19908565 | K68: =J68/24 -> 0.0082952353
A69: Mercredi | B69: BVT24 | C69: 11:17:20 | D69: 202.36 | E69: 69 | F69: 0 | G69: 27 | H69: 10 | I69: 02:34:34 | J69: =IFERROR(C69-I69,C69) -> 0.36303241 | K69: =J69/24 -> 0.01512635
A70: Mercredi | B70: BVT25 | C70: 05:02:53 | D70: 96.2 | E70: 82 | F70: 2 | G70: 2 | H70: 1 | I70: 00:15:30 | J70: =IFERROR(C70-I70,C70) -> 0.19957176 | K70: =J70/24 -> 0.00831549
A71: Mercredi | B71: BVT26 | C71: 11:35:17 | D71: 281.09 | E71: 63 | F71: 0 | G71: 3 | H71: 7 | I71: 01:33:50 | J71: =IFERROR(C71-I71,C71) -> 0.41767361 | K71: =J71/24 -> 0.017403067
A72: Mercredi | B72: BVT31 | D72: 0 | E72: 0 | F72: 0 | G72: 0 | H72: 0 | J72: =IFERROR(C72-I72,C72) | K72: =J72/24 -> #VALUE!
A73: Mercredi | B73: BVT37 | C73: 11:54:29 | D73: 278.76 | E73: 65 | F73: 0 | G73: 0 | H73: 6 | I73: 01:18:47 | J73: =IFERROR(C73-I73,C73) -> 0.44145833 | K73: =J73/24 -> 0.018394097
A74: Mercredi | B74: BVT38 | C74: 04:11:13 | D74: 9.44 | E74: 37 | F74: 0 | G74: 0 | H74: 6 | I74: 02:25:42 | J74: =IFERROR(C74-I74,C74) -> 0.073275463 | K74: =J74/24 -> 0.0030531443
A75: Mercredi | B75: BVT50 | C75: 06:36:13 | D75: 246.94 | E75: 73 | F75: 3 | G75: 1 | H75: 0 | J75: =IFERROR(C75-I75,C75) -> 06:36:13 | K75: =J75/24 -> 0.011464603
A76: Mercredi | B76: BVT51 | C76: 10:33:03 | D76: 28.11 | E76: 75 | F76: 1 | G76: 0 | H76: 2 | I76: 09:19:48 | J76: =IFERROR(C76-I76,C76) -> 0.050868056 | K76: =J76/24 -> 0.0021195023
A77: Mercredi | B77: BVT58 | C77: 02:00:37 | D77: 11.83 | E77: 58 | F77: 0 | G77: 0 | H77: 1 | I77: 00:16:16 | J77: =IFERROR(C77-I77,C77) -> 0.072465278 | K77: =J77/24 -> 0.0030193866
A78: Mercredi | B78: BVT59 | D78: 0 | E78: 0 | F78: 0 | G78: 0 | H78: 0 | J78: =IFERROR(C78-I78,C78) | K78: =J78/24 -> #VALUE!
A79: Mercredi | B79: BVT60 | C79: 04:42:36 | D79: 60.63 | E79: 49 | F79: 0 | G79: 0 | H79: 1 | I79: 00:14:03 | K79: =J79/24 -> 0
A80: Mercredi | B80: BVT61 | C80: 07:47:40 | D80: 0.78 | E80: 15 | F80: 0 | G80: 0 | H80: 1 | I80: 00:32:36 | J80: =IFERROR(C80-I80,C80) -> 0.30212963 | K80: =J80/24 -> 0.012588735
A81: Mercredi | B81: BVT62 | C81: 08:18:33 | D81: 121.92 | E81: 69 | F81: 0 | G81: 0 | H81: 7 | I81: 02:22:28 | J81: =IFERROR(C81-I81,C81) -> 0.24728009 | K81: =J81/24 -> 0.010303337
A82: Mercredi | B82: BVT65 | C82: 06:29:53 | D82: 113.14 | E82: 73 | F82: 2 | G82: 0 | H82: 4 | I82: 01:10:23 | J82: =IFERROR(C82-I82,C82) -> 0.221875 | K82: =J82/24 -> 0.0092447917
A83: Mercredi | B83: BVT77 | C83: 08:13:27 | D83: 210.49 | E83: 65 | F83: 0 | G83: 0 | H83: 2 | I83: 00:43:46 | J83: =IFERROR(C83-I83,C83) -> 0.31228009 | K83: =J83/24 -> 0.013011671
A84: Mercredi | B84: BVT78 | C84: 05:36:11 | D84: 199.42 | E84: 75 | F84: 2 | G84: 0 | H84: 0 | J84: =IFERROR(C84-I84,C84) -> 05:36:11 | K84: =J84/24 -> 0.009727527
A85: Mercredi | B85: BVT79 | C85: 09:00:13 | D85: 207.43 | E85: 66 | F85: 0 | G85: 7 | H85: 4 | I85: 01:27:21 | J85: =IFERROR(C85-I85,C85) -> 0.31449074 | K85: =J85/24 -> 0.013103781
A86: Mercredi | B86: BVT80 | C86: 11:17:59 | D86: 182.14 | E86: 60 | F86: 0 | G86: 0 | H86: 5 | I86: 04:33:15 | J86: =IFERROR(C86-I86,C86) -> 0.28106481 | K86: =J86/24 -> 0.011711034 | L86: 1.8094444
A87: Mercredi | B87: BVT81 | D87: 0 | E87: 0 | F87: 0 | G87: 0 | H87: 0 | J87: =IFERROR(C87-I87,C87) | K87: =J87/24 -> #VALUE!
A88: Mercredi | B88: BVT82 | C88: 10:52:28 | D88: 183.25 | E88: 63 | F88: 0 | G88: 0 | H88: 6 | I88: 03:26:10 | J88: =IFERROR(C88-I88,C88) -> 0.30993056 | K88: =J88/24 -> 0.012913773
A89: Jeudi | B89: BV666 | C89: 06:38:22 | D89: 66.51 | E89: 52 | F89: 0 | G89: 66 | H89: 0 | J89: =IFERROR(C89-I89,C89) -> 06:38:22 | K89: =J89/24 -> 0.011526813
A90: Jeudi | B90: BV778 | C90: 06:39:24 | D90: 62.13 | E90: 43 | F90: 0 | G90: 140 | H90: 0 | J90: =IFERROR(C90-I90,C90) -> 06:39:24 | K90: =J90/24 -> 0.011556713
A91: Jeudi | B91: BV793 | D91: 0 | E91: 0 | F91: 0 | G91: 0 | H91: 0 | J91: =IFERROR(C91-I91,C91) | K91: =J91/24 -> #VALUE!
A92: Jeudi | B92: BV794 | C92: 00:50:36 | D92: 0.44 | E92: 10 | F92: 0 | G92: 2 | H92: 1 | I92: 00:31:31 | J92: =IFERROR(C92-I92,C92) -> 0.013252315 | K92: =J92/24 -> 0.00055217978
A93: Jeudi | B93: BVC74 | C93: 00:14:20 | D93: 2.64 | E93: 0 | F93: 0 | G93: 0 | H93: 0 | J93: =IFERROR(C93-I93,C93) -> 00:14:20 | K93: =J93/24 -> 0.00041473765
A94: Jeudi | B94: BVC82 | D94: 0 | E94: 0 | F94: 0 | G94: 0 | H94: 0 | J94: =IFERROR(C94-I94,C94) | K94: =J94/24 -> #VALUE!
A95: Jeudi | B95: BVT17 | C95: 07:18:24 | D95: 17.88 | E95: 48 | F95: 0 | G95: 0 | H95: 4 | I95: 00:53:13 | J95: =IFERROR(C95-I95,C95) -> 0.26748843 | K95: =J95/24 -> 0.011145351
A96: Jeudi | B96: BVT19 | C96: 04:22:43 | D96: 24.34 | E96: 66 | F96: 0 | G96: 0 | H96: 3 | I96: 02:00:58 | J96: =IFERROR(C96-I96,C96) -> 0.0984375 | K96: =J96/24 -> 0.0041015625
A97: Jeudi | B97: BVT20 | C97: 03:31:47 | D97: 11.92 | E97: 63 | F97: 0 | G97: 0 | H97: 7 | I97: 02:02:58 | J97: =IFERROR(C97-I97,C97) -> 0.061678241 | K97: =J97/24 -> 0.0025699267
A98: Jeudi | B98: BVT24 | C98: 10:30:27 | D98: 218.79 | E98: 62 | F98: 0 | G98: 29 | H98: 6 | I98: 01:37:21 | J98: =IFERROR(C98-I98,C98) -> 0.37020833 | K98: =J98/24 -> 0.015425347
A99: Jeudi | B99: BVT25 | C99: 09:17:57 | D99: 185.26 | E99: 80 | F99: 4 | G99: 0 | H99: 1 | I99: 01:06:09 | J99: =IFERROR(C99-I99,C99) -> 0.34152778 | K99: =J99/24 -> 0.014230324
A100: Jeudi | B100: BVT26 | C100: 09:53:38 | D100: 210.27 | E100: 60 | F100: 0 | G100: 1 | H100: 2 | I100: 00:32:06 | J100: =IFERROR(C100-I100,C100) -> 0.3899537 | K100: =J100/24 -> 0.016248071
...

Sheet Graphe Hebdo
J1: Étiquettes de lignes | K1: Nombre de Base | M1: Jour | N1: (Tous) | S1: Jour | T1: (Tous) | AC1: Jour | AD1: (Tous)
J2: BVT39 | K2: 5
A3: Étiquettes de lignes | B3: Somme de Distance (km) | D3: Étiquettes de lignes | E3: Somme de Durée Utilisation | G3: Étiquettes de lignes | H3: Survitesse | J3: BVT81 | K3: 15 | M3: Étiquettes de lignes | N3: Nombre de Base | P3: Étiquettes de lignes | Q3: Somme de Durée | S3: Étiquettes de lignes | T3: Max de Durée Transit | V3: Étiquettes de lignes | W3: Durée Site | X3: Durée de Transit | Y3: Durée Arrêt C. On | AC3: Étiquettes de lignes | AD3: Durée Base de Départ | AE3: Durée de transit
A4: MV701 | B4: 15.642967 | D4: MV701 | G4: MV701 | J4: BVT82 | K4: 11 | M4: BASE RAZEL BAGANGTE | N4: 7 | P4: BASE RAZEL BAGANGTE | Q4: 4.5280903 | T4: 0 | V4: BASE RAZEL AEROPORT | W4: 2.2730671 | X4: 0.4246412 | Y4: 0 | AD4: 0 | AE4: 0
A5: Samedi | B5: 15.642967 | D5: Samedi | E5: 0.27855324 | G5: Samedi | J5: BV706 | K5: 3 | M5: BV706 | N5: 7 | P5: BV706 | Q5: 4.5280903 | S5: BV706 | T5: 0 | V5: BVT60 | W5: 0.57793981 | X5: 0.4246412 | Y5: 0 | AC5: BV706 | AD5: 0 | AE5: 0
A6: Total général | B6: 15.642967 | D6: Total général | E6: 0.27855324 | G6: Total général | J6: BV707 | K6: 3 | M6: Total général | N6: 7 | P6: Total général | Q6: 4.5280903 | S6: BASE RAZEL BAGANGTE - BASE RAZEL BAGANGTE | T6: 0.4590162 | V6: BVT77 | W6: 1.6951273 | X6: 0.080590278 | Y6: 0 | AD6: 0 | AE6: 0
J7: BV711 | K7: 4 | S7: BV706 | T7: 0.4590162 | V7: Total général | W7: 2.2730671 | X7: 0.4246412 | Y7: 0 | AC7: BASE RAZEL BAGANGTE - BASE RAZEL BAGANGTE | AD7: 0.254375 | AE7: 0.4590162
J8: BVC74 | K8: 7 | S8: Total général | T8: 0.4590162 | AC8: BV706 | AD8: 0.254375 | AE8: 0.4590162
J9: MV700 | K9: 6 | AC9: 06:48:50 à 17:49:49 | AD9: 0.254375 | AE9: 0.4590162
J10: MV701 | K10: 4 | AC10: Total général | AD10: 0.254375 | AE10: 0.4590162
J11: MV702 | K11: 3
J12: Total général | K12: 61

Sheet Feuil2
B1: BV666 KERAX 380 (RAZEL) | C1: 42394.237 | D1: BASE RAZEL PREFECTURE | E1: Lundi | F1: 42394.279 | G1: CARRIERE RAZEL NKOMETOU | H1: 22.341 | I1: 01h 01m 21s
B2: BV666 KERAX 380 (RAZEL) | C2: 42394.291 | D2: CARRIERE RAZEL NKOMETOU | E2: Lundi | F2: 42394.297 | G2: CARRIERE RAZEL NKOMETOU | H2: 0.191 | I2: 00h 09m 25s
B3: BV666 KERAX 380 (RAZEL) | C3: 42394.308 | D3: CARRIERE RAZEL NKOMETOU | E3: Lundi | F3: 42394.308 | G3: CARRIERE RAZEL NKOMETOU | H3: 0 | I3: 00h 00m 39s
B4: BV666 KERAX 380 (RAZEL) | C4: 42394.53 | D4: CARRIERE RAZEL NKOMETOU | E4: Lundi | F4: 42394.613 | G4: CARRIERE RAZEL NKOMETOU | H4: 45.789 | I4: 01h 58m 59s
B5: BV666 KERAX 380 (RAZEL) | C5: 42394.627 | D5: CARRIERE RAZEL NKOMETOU | E5: Lundi | F5: 42394.735 | G5: CARRIERE RAZEL NKOMETOU | H5: 46.157 | I5: 02h 35m 23s
B6: BV666 KERAX 380 (RAZEL) | C6: 42395.285 | D6: CARRIERE RAZEL NKOMETOU | E6: Mardi | F6: 42395.29 | G6: CARRIERE RAZEL NKOMETOU | H6: 0 | I6: 00h 07m 28s
B7: BV666 KERAX 380 (RAZEL) | C7: 42395.314 | D7: CARRIERE RAZEL NKOMETOU | E7: Mardi | F7: 42395.317 | G7: CARRIERE RAZEL NKOMETOU | H7: 0.354 | I7: 00h 03m 45s
B8: BV666 KERAX 380 (RAZEL) | C8: 42395.324 | D8: CARRIERE RAZEL NKOMETOU | E8: Mardi | F8: 42395.326 | G8: CARRIERE RAZEL NKOMETOU | H8: 0.025 | I8: 00h 03m 21s
B9: BV666 KERAX 380 (RAZEL) | C9: 42395.381 | D9: CARRIERE RAZEL NKOMETOU | E9: Mardi | F9: 42395.385 | G9: CARRIERE RAZEL NKOMETOU | H9: 0.01 | I9: 00h 04m 41s
B10: BV666 KERAX 380 (RAZEL) | C10: 42395.385 | D10: CARRIERE RAZEL NKOMETOU | E10: Mardi | F10: 42395.398 | G10: CARRIERE RAZEL NKOMETOU | H10: 0.429 | I10: 00h 17m 50s
B11: BV666 KERAX 380 (RAZEL) | C11: 42395.401 | D11: CARRIERE RAZEL NKOMETOU | E11: Mardi | F11: 42395.522 | G11: Unnamed Road, Yaoundé, Mfoundi, CAMEROON | H11: 30.347 | I11: 02h 54m 47s
B12: BV666 KERAX 380 (RAZEL) | C12: 42395.524 | D12: Unnamed Road, Yaoundé, Mfoundi, CAMEROON | E12: Mardi | F12: 42395.687 | G12: CARRIERE RAZEL NKOMETOU | H12: 38.497 | I12: 03h 54m 04s
... B23: BV666 KERAX 380 (RAZEL) | C23: 42398.307 | D23: CARRIERE RAZEL NKOMETOU | E23: Vendredi | F23: 42398.702 | G23: CARRIERE RAZEL NKOMETOU | H23: 137.352 | I23: 09h 28m 55s
B24: BV778 KERAX 380 (RAZEL) | C24: 42394.241 | E24: Lundi | F24: 42394.254 | G24: N 1, Yaounde, Central, CAMEROON | H24: 9.757 | I24: 00h 19m 08s
B25: BV778 KERAX 380 (RAZEL) | C25: 42394.261 | D25: N 1, Yaounde, Central, CAMEROON | E25: Lundi | F25: 42394.273 | G25: 0.8km SW of CARRIERE RAZEL NKOMETOU - MEYOS, OBALA, CAMEROON | H25: 11.608 | I25: 00h 16m 15s
B26: BV778 KERAX 380 (RAZEL) | C26: 42394.275 | D26: 0.8km SW of CARRIERE RAZEL NKOMETOU - MEYOS, OBALA, CAMEROON | E26: Lundi | F26: 42394.277 | G26: CARRIERE RAZEL NKOMETOU | H26: 0.993 | I26: 00h 02m 31s
B27: BV778 KERAX 380 (RAZEL) | C27: 42394.293 | D27: CARRIERE RAZEL NKOMETOU | E27: Lundi | F27: 42394.391 | G27: CARRIERE RAZEL NKOMETOU | H27: 46.124 | I27: 02h 21m 47s
B28: BV778 KERAX 380 (RAZEL) | C28: 42394.394 | D28: CARRIERE RAZEL NKOMETOU | E28: Lundi | F28: 42394.485 | G28: CARRIERE RAZEL NKOMETOU | H28: 46.275 | I28: 02h 10m 23s
B29: BV778 KERAX 380 (RAZEL) | C29: 42394.488 | D29: CARRIERE RAZEL NKOMETOU | E29: Lundi | F29: 42394.501 | G29: CARRIERE RAZEL NKOMETOU | H29: 1.071 | I29: 00h 18m 43s
B30: BV778 KERAX 380 (RAZEL) | C30: 42394.514 | D30: CARRIERE RAZEL NKOMETOU | E30: Lundi | F30: 42394.627 | G30: CARRIERE RAZEL NKOMETOU | H30: 53.131 | I30: 02h 42m 57s
B31: BV778 KERAX 380 (RAZEL) | C31: 42394.631 | D31: CARRIERE RAZEL NKOMETOU | E31: Lundi | F31: 42394.642 | G31: CARRIERE RAZEL NKOMETOU | H31: 0.791 | I31: 00h 15m 14s
B32: BV778 KERAX 380 (RAZEL) | C32: 42394.645 | D32: CARRIERE RAZEL NKOMETOU | E32: Lundi | F32: 42394.65 | G32: CARRIERE RAZEL NKOMETOU | H32: 0.559 | I32: 00h 07m 38s
B33: BV778 KERAX 380 (RAZEL) | C33: 42394.655 | D33: CARRIERE RAZEL NKOMETOU | E33: Lundi | F33: 42394.738 | G33: CARRIERE RAZEL NKOMETOU | H33: 44.594 | I33: 02h 00m 33s
B34: BV778 KERAX 380 (RAZEL) | C34: 42395.287 | E34: Mardi | F34: 42395.292 | G34: CARRIERE RAZEL NKOMETOU | H34: 0 | I34: 00h 07m 56s
B35: BV778 KERAX 380 (RAZEL) | C35: 42395.319 | D35: CARRIERE RAZEL NKOMETOU | E35: Mardi | F35: 42395.391 | G35: CARRIERE RAZEL NKOMETOU | H35: 42.838 | I35: 01h 43m 54s
B36: BV778 KERAX 380 (RAZEL) | C36: 42395.398 | D36: CARRIERE RAZEL NKOMETOU | E36: Mardi | F36: 42395.489 | G36: CARRIERE RAZEL NKOMETOU | H36: 45.498 | I36: 02h 11m 26s
B37: BV778 KERAX 380 (RAZEL) | C37: 42395.502 | D37: CARRIERE RAZEL NKOMETOU | E37: Mardi | F37: 42395.519 | G37: CARRIERE RAZEL NKOMETOU | H37: 1.01 | I37: 00h 24m 03s
B38: BV778 KERAX 380 (RAZEL) | C38: 42395.545 | D38: CARRIERE RAZEL NKOMETOU | E38: Mardi | F38: 42395.58 | G38: 0.1km SW of Comité Internationale de La CR - Rue Zogo Fouda Ngono, YAOUNDE, YAOUNDE 1, CAMEROON | H38: 22.511 | I38: 00h 51m 15s
B39: BV778 KERAX 380 (RAZEL) | C39: 42395.581 | D39: 0.1km SW of Comité Internationale de La CR - Rue Zogo Fouda Ngono, YAOUNDE, YAOUNDE 1, CAMEROON | E39: Mardi | F39: 42395.61 | G39: CARRIERE RAZEL NKOMETOU | H39: 22.473 | I39: 00h 41m 12s
B40: BV778 KERAX 380 (RAZEL) | C40: 42395.614 | D40: CARRIERE RAZEL NKOMETOU | E40: Mardi | F40: 42395.624 | G40: CARRIERE RAZEL NKOMETOU | H40: 0.797 | I40: 00h 13m 52s
B41: BV778 KERAX 380 (RAZEL) | C41: 42395.627 | D41: CARRIERE RAZEL NKOMETOU | E41: Mardi | F41: 42395.731 | G41: CARRIERE RAZEL NKOMETOU | H41: 47.452 | I41: 02h 28m 57s
B42: BV778 KERAX 380 (RAZEL) | C42: 42396.287 | D42: CARRIERE RAZEL NKOMETOU | E42: Mercredi | F42: 42396.497 | G42: BASE RAZEL PREFECTURE | H42: 99.42 | I42: 05h 03m 22s
B43: BV778 KERAX 380 (RAZEL) | C43: 42396.505 | D43: BASE RAZEL PREFECTURE | E43: Mercredi | F43: 42396.566 | G43: CARRIERE RAZEL NKOMETOU | H43: 31.488 | I43: 01h 28m 39s
B44: BV778 KERAX 380 (RAZEL) | C44: 42396.601 | D44: CARRIERE RAZEL NKOMETOU | E44: Mercredi | F44: 42396.744 | G44: BASE RAZEL PREFECTURE | H44: 53.881 | I44: 03h 26m 46s
B45: BV778 KERAX 380 (RAZEL) | C45: 42397.268 | E45: Jeudi | F45: 42397.306 | G45: CARRIERE RAZEL NKOMETOU | H45: 22.59 | I45: 00h 54m 57s
B46: BV778 KERAX 380 (RAZEL) | C46: 42397.311 | D46: CARRIERE RAZEL NKOMETOU | E46: Jeudi | F46: 42397.513 | G46: CARRIERE RAZEL NKOMETOU | H46: 90.493 | I46: 04h 51m 11s
B47: BV778 KERAX 380 (RAZEL) | C47: 42397.52 | D47: CARRIERE RAZEL NKOMETOU | E47: Jeudi | F47: 42397.668 | G47: CARRIERE RAZEL NKOMETOU | H47: 61.745 | I47: 03h 33m 15s
B48: BV778 KERAX 380 (RAZEL) | C48: 42397.67 | D48: CARRIERE RAZEL NKOMETOU | E48: Jeudi | F48: 42397.731 | G48: CARRIERE RAZEL NKOMETOU | H48: 30.693 | I48: 01h 27m 19s
B49: BV778 KERAX 380 (RAZEL) | C49: 42397.736 | D49: CARRIERE RAZEL NKOMETOU | E49: Jeudi | F49: 42397.74 | G49: CARRIERE RAZEL NKOMETOU | H49: 0.532 | I49: 00h 06m 26s
B50: BV778 KERAX 380 (RAZEL) | C50: 42398.278 | E50: Vendredi | F50: 42398.358 | G50: CARRIERE RAZEL NKOMETOU | H50: 30.17 | I50: 01h 54m 41s
B51: BV778 KERAX 380 (RAZEL) | C51: 42398.36 | D51: CARRIERE RAZEL NKOMETOU | E51: Vendredi | F51: 42398.435 | G51: CARRIERE RAZEL NKOMETOU | H51: 45.648 | I51: 01h 47m 42s
B52: BV778 KERAX 380 (RAZEL) | C52: 42398.457 | D52: CARRIERE RAZEL NKOMETOU | E52: Vendredi | F52: 42398.545 | G52: CARRIERE RAZEL NKOMETOU | H52: 44.806 | I52: 02h 07m 23s
B53: BV778 KERAX 380 (RAZEL) | C53: 42398.565 | D53: CARRIERE RAZEL NKOMETOU | E53: Vendredi | F53: 42398.676 | G53: CARRIERE RAZEL NKOMETOU | H53: 45.095 | I53: 02h 40m 33s
B54: BV778 KERAX 380 (RAZEL) | C54: 42398.682 | D54: CARRIERE RAZEL NKOMETOU | E54: Vendredi | F54: 42398.69 | G54: CARRIERE RAZEL NKOMETOU | H54: 0.791 | I54: 00h 11m 18s
B55: BV793 (KERAX 400) RAZEL | C55: 42398.423 | E55: Vendredi | F55: 42398.423 | G55: CARRIERE LOGBADJECK | H55: 0.001 | I55: 00h 00m 19s
B56: BV793 (KERAX 400) RAZEL | C56: 42398.43 | D56: CARRIERE LOGBADJECK | E56: Vendredi | F56: 42398.432 | G56: CARRIERE LOGBADJECK | H56: 0.001 | I56: 00h 03m 26s
B57: BV794 (KERAX 400) RAZEL | C57: 42398.558 | D57: CARRIERE LOGBADJECK | E57: Vendredi | F57: 42398.559 | G57: CARRIERE LOGBADJECK | H57: 0.002 | I57: 00h 00m 58s
B58: BV794 (KERAX 400) RAZEL | C58: 42398.578 | D58: CARRIERE LOGBADJECK | E58: Vendredi | F58: 42398.653 | G58: DEPOT RAZEL YASSA | H58: 36.085 | I58: 01h 48m 07s
B59: BV794 (KERAX 400) RAZEL | C59: 42398.654 | D59: DEPOT RAZEL YASSA | E59: Vendredi | F59: 42398.734 | G59: DEPOT RAZEL YASSA | H59: 11.296 | I59: 01h 55m 59s
B60: BV794 (KERAX 400) RAZEL | C60: 42399.22 | D60: DEPOT RAZEL YASSA | E60: Samedi | F60: 42399.24 | G60: 16.9km NW of Edéa - N3, LOGBADJECK, CAMEROON | H60: 19.632 | I60: 00h 28m 28s
B61: BV794 (KERAX 400) RAZEL | C61: 42399.244 | D61: 16.9km NW of Edéa - N3, LOGBADJECK, CAMEROON | E61: Samedi | F61: 42399.265 | G61: CARRIERE LOGBADJECK | H61: 14.511 | I61: 00h 29m 04s
B62: BV794 (KERAX 400) RAZEL | C62: 42399.271 | D62: CARRIERE LOGBADJECK | E62: Samedi | F62: 42399.446 | G62: DEPOT RAZEL YASSA | H62: 104.407 | I62: 04h 12m 06s
B63: BVT17 KERAX 380 (RAZEL) | C63: 42394.293 | D63: BASE RAZEL OLEMBE | E63: Lundi | F63: 42394.294 | G63: BASE RAZEL OLEMBE | H63: 0.001 | I63: 00h 01m 56s
B64: BVT17 KERAX 380 (RAZEL) | C64: 42394.607 | D64: 0.5km SW of FINEXS YAOUNDE - AHALA 1, YAOUNDE 4, CAMEROON | E64: Lundi | F64: 42394.66 | G64: BASE RAZEL OLEMBE | H64: 18.761 | I64: 01h 17m 32s
B65: BVT17 KERAX 380 (RAZEL) | C65: 42396.292 | D65: BASE RAZEL OLEMBE | E65: Mercredi | F65: 42396.293 | G65: BASE RAZEL OLEMBE | H65: 0.002 | I65: 00h 01m 40s
B66: BVT17 KERAX 380 (RAZEL) | C66: 42396.333 | D66: BASE RAZEL OLEMBE | E66: Mercredi | F66: 42396.336 | G66: BASE RAZEL OLEMBE | H66: 0.006 | I66: 00h 04m 32s
B67: BVT17 KERAX 380 (RAZEL) | C67: 42397.677 | D67: BASE RAZEL OLEMBE | E67: Jeudi | F67: 42397.681 | G67: BASE RAZEL OLEMBE | H67: 0.055 | I67: 00h 05m 29s
... B122: BVT24 (CAMION RENAULT) RAZEL | C122: 42396.678 | D122: CARRIERE RAZEL NKOMETOU | E122: Mercredi | F122: 42396.698 | G122: CARRIERE RAZEL NKOMETOU | H122: 0.479 | I122: 00h 29m 52s
B123: BVT24 (CAMION RENAULT) RAZEL | C123: 42397.29 | D123: CARRIERE RAZEL NKOMETOU | E123: Jeudi | F123: 42397.341 | H123: 22.716 | I123: 01h 13m 27s
B124: BVT24 (CAMION RENAULT) RAZEL | C124: 42397.372 | D124: CARRIERE RAZEL NKOMETOU | E124: Jeudi | F124: 42397.471 | G124: CARRIERE RAZEL NKOMETOU | H124: 47.819 | I124: 02h 23m 15s
B125: BVT24 (CAMION RENAULT) RAZEL | C125: 42397.472 | D125: CARRIERE RAZEL NKOMETOU | E125: Jeudi | F125: 42397.474 | G125: CARRIERE RAZEL NKOMETOU | H125: 0.231 | I125: 00h 03m 25s
B126: BVT24 (CAMION RENAULT) RAZEL | C126: 42397.566 | D126: CARRIERE RAZEL NKOMETOU | E126: Jeudi | F126: 42397.569 | G126: CARRIERE RAZEL NKOMETOU | H126: 0.021 | I126: 00h 04m 22s
B127: BVT24 (CAMION RENAULT) RAZEL | C127: 42397.663 | D127: CARRIERE RAZEL NKOMETOU | E127: Jeudi | F127: 42397.681 | G127: CARRIERE RAZEL NKOMETOU | H127: 0.284 | I127: 00h 26m 21s
B128: BVT24 (CAMION RENAULT) RAZEL | C128: 42397.71 | D128: CARRIERE RAZEL NKOMETOU | E128: Jeudi | F128: 42397.712 | G128: CARRIERE RAZEL NKOMETOU | H128: 0.026 | I128: 00h 03m 03s
B129: BVT24 (CAMION RENAULT) RAZEL | C129: 42398.496 | D129: CARRIERE RAZEL NKOMETOU | E129: Vendredi | F129: 42398.5 | G129: CARRIERE RAZEL NKOMETOU | H129: 0.022 | I129: 00h 05m 40s
B130: BVT25 KERAX 380 DXI (RAZEL) | C130: 42394.284 | D130: CARRIERE RAZEL NKOMETOU | E130: Lundi | F130: 42394.293 | G130: CARRIERE RAZEL NKOMETOU | H130: 0.141 | I130: 00h 13m 20s
B131: BVT25 KERAX 380 DXI (RAZEL) | C131: 42394.301 | D131: CARRIERE RAZEL NKOMETOU | E131: Lundi | F131: 42394.368 | G131: 2.1km SE of Nkometou - N4, EBANG 2, SOA, CAMEROON | H131: 39.938 | I131: 01h 37m 16s
B132: BVT25 KERAX 380 DXI (RAZEL) | C132: 42394.369 | D132: 2.1km SE of Nkometou - N4, EBANG 2, SOA, CAMEROON | E132: Lundi | F132: 42394.369 | G132: 2.1km SE of Nkometou - N4, EBANG 2, SOA, CAMEROON | H132: 0.003 | I132: 00h 00m 19s
B133: BVT25 KERAX 380 DXI (RAZEL) | C133: 42394.376 | D133: 2.1km SE of Nkometou - N4, EBANG 2, SOA, CAMEROON | E133: Lundi | F133: 42394.47 | G133: 0.3km S of LYCEE DE MBALLA II - Rue Lamido Rey Bouba, Djoungolo II, Yaounde, Central, CAMEROON | H133: 30.273 | I133: 02h 15m 54s
B134: BVT25 KERAX 380 DXI (RAZEL) | C134: 42394.476 | D134: 0.3km S of LYCEE DE MBALLA II - Rue Lamido Rey Bouba, Djoungolo II, Yaounde, Central, CAMEROON | E134: Lundi | F134: 42394.507 | G134: CARRIERE RAZEL NKOMETOU | H134: 19.773 | I134: 00h 44m 17s
B135: BVT25 KERAX 380 DXI (RAZEL) | C135: 42394.538 | D135: CARRIERE RAZEL NKOMETOU | E135: Lundi | F135: 42394.55 | G135: CARRIERE RAZEL NKOMETOU | H135: 0.731 | I135: 00h 16m 23s
... B317: BVT58 ACTROS 3335 (RAZEL) | C317: 42396.535 | D317: BASE RAZEL WOURI | E317: Mercredi | F317: 42396.762 | G317: entrée Boumnyebel -air de stationnement sortie camions | H317: 157.179 | I317: 05h 26m 58s
B318: BVT58 ACTROS 3335 (RAZEL) | C318: 42396.77 | D318: entrée Boumnyebel -air de stationnement sortie camions | E318: Mercredi | F318: 42396.875 | H318: 92.78 | I318: 02h 30m 53s | J318: BASE RAZEL PREFECTURE
B319: BVT58 ACTROS 3335 (RAZEL) | C319: 42397.322 | D319: BASE RAZEL PREFECTURE | E319: Jeudi | F319: 42397.329 | G319: BASE RAZEL PREFECTURE | H319: 0.238 | I319: 00h 10m 02s
B320: BVT58 ACTROS 3335 (RAZEL) | C320: 42397.352 | D320: BASE RAZEL PREFECTURE | E320: Jeudi | F320: 42397.368 | G320: BASE RAZEL PREFECTURE | H320: 0.067 | I320: 00h 22m 13s
B321: BVT58 ACTROS 3335 (RAZEL) | C321: 42397.378 | D321: BASE RAZEL PREFECTURE | E321: Jeudi | F321: 42397.439 | G321: 0.1km SW of infirmerie des BRASSERIES - 8, YAOUNDE 3, CAMEROON | H321: 8.982 | I321: 01h 28m 54s
B322: BVT58 ACTROS 3335 (RAZEL) | C322: 42397.482 | D322: 0.1km S of infirmerie des BRASSERIES - 8, YAOUNDE 3, CAMEROON | E322: Jeudi | F322: 42397.488 | G322: 0.1km S of infirmerie des BRASSERIES - 8, YAOUNDE 3, CAMEROON | H322: 0.015 | I322: 00h 08m 36s
B323: BVT58 ACTROS 3335 (RAZEL) | C323: 42397.491 | D323: 0.1km S of infirmerie des BRASSERIES - 8, YAOUNDE 3, CAMEROON | E323: Jeudi | F323: 42397.58 | G323: entrée Boumnyebel -air de stationnement sortie camions | H323: 88.84 | I323: 02h 08m 13s
B324: BVT58 ACTROS 3335 (RAZEL) | C324: 42397.589 | D324: entrée Boumnyebel -air de stationnement sortie camions | E324: Jeudi | F324: 42397.748 | H324: 156.458 | I324: 03h 49m 17s | J324: BASE RAZEL WOURI
B325: BVT58 ACTROS 3335 (RAZEL) | C325: 42398.361 | D325: BASE RAZEL WOURI | E325: Vendredi | F325: 42398.366 | G325: BASE RAZEL WOURI | H325: 0.032 | I325: 00h 07m 39s
B326: BVT59 ACTROS 3335 JAUNE (RAZEL) | C326: 42394.282 | D326: CARRIERE RAZEL NKOMETOU | E326: Lundi | F326: 42394.675 | G326: CARRIERE RAZEL NKOMETOU | H326: 136.569 | I326: 09h 27m 08s
B327: BVT59 ACTROS 3335 JAUNE (RAZEL) | C327: 42394.683 | D327: CARRIERE RAZEL NKOMETOU | E327: Lundi | F327: 42394.702 | G327: CARRIERE RAZEL NKOMETOU | H327: 0.882 | I327: 00h 27m 14s
B328: BVT59 ACTROS 3335 JAUNE (RAZEL) | C328: 42395.307 | D328: CARRIERE RAZEL NKOMETOU | E328: Mardi | F328: 42395.49 | G328: CARRIERE RAZEL NKOMETOU | H328: 90.056 | I328: 04h 22m 35s
B329: BVT59 ACTROS 3335 JAUNE (RAZEL) | C329: 42395.506 | D329: CARRIERE RAZEL NKOMETOU | E329: Mardi | F329: 42395.641 | G329: 0.2km NE of MARCHE DE MESSASSI (YAOUNDE) - N 1, Yaounde, Central, CAMEROON | H329: 41.439 | I329: 03h 13m 58s
B330: BVT59 ACTROS 3335 JAUNE (RAZEL) | C330: 42395.647 | D330: 0.2km NE of MARCHE DE MESSASSI (YAOUNDE) - N 1, Yaounde, Central, CAMEROON | E330: Mardi | F330: 42395.692 | G330: CARRIERE RAZEL NKOMETOU | H330: 14.595 | I330: 01h 05m 08s
B331: BVT59 ACTROS 3335 JAUNE (RAZEL) | C331: 42395.7 | D331: CARRIERE RAZEL NKOMETOU | E331: Mardi | F331: 42395.708 | G331: CARRIERE RAZEL NKOMETOU | H331: 0.822 | I331: 00h 11m 48s
B332: BVT59 ACTROS 3335 JAUNE (RAZEL) | C332: 42396.286 | D332: CARRIERE RAZEL NKOMETOU | E332: Mercredi | F332: 42396.5 | G332: 0.1km W of MICHELIN YAOUNDE - YAOUNDE 4, CAMEROON | H332: 73.681 | I332: 05h 09m 15s
B333: BVT59 ACTROS 3335 JAUNE (RAZEL) | C333: 42396.549 | D333: 0.1km W of MICHELIN YAOUNDE - YAOUNDE 4, CAMEROON | E333: Mercredi | F333: 42396.586 | G333: 0.1km W of MICHELIN YAOUNDE - YAOUNDE 4, CAMEROON | H333: 0.157 | I333: 00h 53m 00s
B334: BVT59 ACTROS 3335 JAUNE (RAZEL) | C334: 42396.613 | D334: 0.1km W of MICHELIN YAOUNDE - N2, Yaounde, Central, CAMEROON | E334: Mercredi | F334: 42396.683 | G334: CARRIERE RAZEL NKOMETOU | H334: 27.776 | I334: 01h 41m 28s
B335: BVT59 ACTROS 3335 JAUNE (RAZEL) | C335: 42396.689 | D335: CARRIERE RAZEL NKOMETOU | E335: Mercredi | F335: 42396.714 | G335: CARRIERE RAZEL NKOMETOU | H335: 0.889 | I335: 00h 36m 21s
B336: BVT59 ACTROS 3335 JAUNE (RAZEL) | C336: 42397.287 | D336: CARRIERE RAZEL NKOMETOU | E336: Jeudi | F336: 42397.493 | G336: 0.2km NE of MARCHE DE MESSASSI (YAOUNDE) - N 1, Yaounde, Central, CAMEROON | H336: 77.489 | I336: 04h 55m 47s
... B386: BVT62 ACTROS 3335 JAUNE (RAZEL) | C386: 42395.168 | D386: 7.2km S of Nkometou - N4, NYOM 1, YAOUNDE 1, CAMEROON | E386: Mardi | F386: 42395.316 | G386: entrée Boumnyebel -air de stationnement sortie camions | H386: 101.407 | I386: 03h 33m 34s
B387: BVT62 ACTROS 3335 JAUNE (RAZEL) | C387: 42395.326 | D387: entrée Boumnyebel -air de stationnement sortie camions | E387: Mardi | F387: 42395.326 | H387: 0.001 | I387: 00h 00m 26s | J387: entrée Boumnyebel -air de stationnement sortie camions
B388: BVT62 ACTROS 3335 JAUNE (RAZEL) | C388: 42395.375 | D388: entrée Boumnyebel -air de stationnement sortie camions | E388: Mardi | F388: 42395.486 | H388: 83.904 | I388: 02h 40m 02s | J388: pesage kankazock | K388: ,Nzock-Nkong
B389: BVT62 ACTROS 3335 JAUNE (RAZEL) | C389: 42395.675 | D389: pesage kankazock | E389: Mardi | F389: 42395.723 | G389: ,Nzock-Nkong | H389: 23.917 | I389: 01h 08m 38s | J389: CARRIERE LOGBADJECK
B390: BVT62 ACTROS 3335 JAUNE (RAZEL) | C390: 42396.455 | D390: CARRIERE LOGBADJECK | E390: Mercredi | F390: 42396.467 | G390: CARRIERE LOGBADJECK | H390: 1.37 | I390: 00h 16m 25s
B391: BVT62 ACTROS 3335 JAUNE (RAZEL) | C391: 42396.55 | D391: CARRIERE LOGBADJECK | E391: Mercredi | F391: 42396.551 | G391: CARRIERE LOGBADJECK | H391: 0.036 | I391: 00h 01m 37s
B392: BVT62 ACTROS 3335 JAUNE (RAZEL) | C392: 42396.574 | D392: CARRIERE LOGBADJECK | E392: Mercredi | F392: 42396.585 | G392: CARRIERE LOGBADJECK | H392: 0.501 | I392: 00h 16m 32s
B393: BVT62 ACTROS 3335 JAUNE (RAZEL) | C393: 42396.598 | D393: CARRIERE LOGBADJECK | E393: Mercredi | F393: 42396.609 | G393: CARRIERE LOGBADJECK | H393: 1.019 | I393: 00h 15m 45s
B394: BVT62 ACTROS 3335 JAUNE (RAZEL) | C394: 42396.613 | D394: CARRIERE LOGBADJECK | E394: Mercredi | F394: 42396.643 | G394: CARRIERE LOGBADJECK | H394: 0.673 | I394: 00h 43m 30s
...

Sheet Feuil1
A1: Véhicule | B1: Base | C1: Date Entrée | D1: Date Sortie | E1: Durée | F1: Jour | G1: Durée Transit | H1: Transit | I1: Arrêt C. On | J1: Heures de Transit | K1: Heure Entrée | L1: Durée transit | M1: Durée Base Départ | N1: Transit
A2: BV706 | B2: BASE RAZEL BAGANGTE | C2: 2016-05-30 00:42:32 | D2: 2016-05-30 06:48:50 | E2: =IFERROR(D2-C2, "") -> 0.254375 | F2: Lundi | G2: =IF(A2=A1, C2-D1, "") | H2: =IF(A2=A1, B1&" - "&B2, "") | I2: =IF(F1='Données Hebdo'!A2, VLOOKUP(Feuil1!A2, 'Données Hebdo'!B:J, 8, FALSE), "") | J2: =IF(A2=A3, RIGHT(D2, 8)&" à "&RIGHT(C3, 8), "") -> 06:48:50 à 17:49:49 | K2: =IF(A2=A3, C3, "") -> 2016-05-30 17:49:49 | L2: =IF(A2=A3, G3, "") -> 0.4590162 | M2: =IF(A2=A3, E2, "") -> 0.254375 | N2: =IF(A2=A3, H3, "") -> BASE RAZEL BAGANGTE - BASE RAZEL BAGANGTE
A3: BV706 | B3: BASE RAZEL BAGANGTE | C3: 2016-05-30 17:49:49 | D3: 2016-05-31 07:46:41 | E3: =IFERROR(D3-C3, "") -> 0.58115741 | F3: Lundi | G3: =IF(A3=A2, C3-D2, "") -> 0.4590162 | H3: =IF(A3=A2, B2&" - "&B3, "") -> BASE RAZEL BAGANGTE - BASE RAZEL BAGANGTE | I3: =IF(F2='Données Hebdo'!A3, VLOOKUP(Feuil1!A3, 'Données Hebdo'!B:J, 8, FALSE), "") -> 0 | J3: =IF(A3=A4, RIGHT(D3, 8)&" à "&RIGHT(C4, 8), "") | K3: =IF(A3=A4, C4, "") | L3: =IF(A3=A4, G4, "") | M3: =IF(A3=A4, E3, "") | N3: =IF(A3=A4, H4, "")
A4: BV707 | B4: BASE RAZEL BAGANGTE | C4: 2016-05-30 00:52:00 | D4: 2016-05-30 06:48:51 | E4: =IFERROR(D4-C4, "") -> 0.2478125 | F4: Lundi | G4: =IF(A4=A3, C4-D3, "") | H4: =IF(A4=A3, B3&" - "&B4, "") | I4: =IF(F3='Données Hebdo'!A4, VLOOKUP(Feuil1!A4, 'Données Hebdo'!B:J, 8, FALSE), "") -> 0 | J4: =IF(A4=A5, RIGHT(D4, 8)&" à "&RIGHT(C5, 8), "") -> 06:48:51 à 17:47:42 | K4: =IF(A4=A5, C5, "") -> 2016-05-30 17:47:42 | L4: =IF(A4=A5, G5, "") -> 0.45753472 | M4: =IF(A4=A5, E4, "") -> 0.2478125 | N4: =IF(A4=A5, H5, "") -> BASE RAZEL BAGANGTE - BASE RAZEL BAGANGTE
A5: BV707 | B5: BASE RAZEL BAGANGTE | C5: 2016-05-30 17:47:42 | D5: 2016-05-31 07:34:18 | E5: =IFERROR(D5-C5, "") -> 0.57402778 | F5: Lundi | G5: =IF(A5=A4, C5-D4, "") -> 0.45753472 | H5: =IF(A5=A4, B4&" - "&B5, "") -> BASE RAZEL BAGANGTE - BASE RAZEL BAGANGTE | I5: =IF(F4='Données Hebdo'!A5, VLOOKUP(Feuil1!A5, 'Données Hebdo'!B:J, 8, FALSE), "") -> 0 | J5: =IF(A5=A6, RIGHT(D5, 8)&" à "&RIGHT(C6, 8), "") | K5: =IF(A5=A6, C6, "") | L5: =IF(A5=A6, G6, "") | M5: =IF(A5=A6, E5, "") | N5: =IF(A5=A6, H6, "")
A6: BV711 | B6: BASE RAZEL BAGANGTE | C6: 2016-05-30 00:32:52 | D6: 2016-05-30 08:21:54 | E6: =IFERROR(D6-C6, "") -> 0.32571759 | F6: Lundi | G6: =IF(A6=A5, C6-D5, "") | H6: =IF(A6=A5, B5&" - "&B6, "") | I6: =IF(F5='Données Hebdo'!A6, VLOOKUP(Feuil1!A6, 'Données Hebdo'!B:J, 8, FALSE), "") -> 0 | J6: =IF(A6=A7, RIGHT(D6, 8)&" à "&RIGHT(C7, 8), "") -> 08:21:54 à 08:40:54 | K6: =IF(A6=A7, C7, "") -> 2016-05-30 08:40:54 | L6: =IF(A6=A7, G7, "") -> 0.013194444 | M6: =IF(A6=A7, E6, "") -> 0.32571759 | N6: =IF(A6=A7, H7, "") -> BASE RAZEL BAGANGTE - CARRIERE RAZEL BAGANGTE
A7: BV711 | B7: CARRIERE RAZEL BAGANGTE | C7: 2016-05-30 08:40:54 | D7: 2016-05-30 08:50:30 | E7: =IFERROR(D7-C7, "") -> 0.0066666667 | F7: Lundi | G7: =IF(A7=A6, C7-D6, "") -> 0.013194444 | H7: =IF(A7=A6, B6&" - "&B7, "") -> BASE RAZEL BAGANGTE - CARRIERE RAZEL BAGANGTE | I7: =IF(F6='Données Hebdo'!A7, VLOOKUP(Feuil1!A7, 'Données Hebdo'!B:J, 8, FALSE), "") -> 0 | J7: =IF(A7=A8, RIGHT(D7, 8)&" à "&RIGHT(C8, 8), "") -> 08:50:30 à 08:53:30 | K7: =IF(A7=A8, C8, "") -> 2016-05-30 08:53:30 | L7: =IF(A7=A8, G8, "") -> 0.0020833333 | M7: =IF(A7=A8, E7, "") -> 0.0066666667 | N7: =IF(A7=A8, H8, "") -> CARRIERE RAZEL BAGANGTE - CARRIERE RAZEL BAGANGTE
A8: BV711 | B8: CARRIERE RAZEL BAGANGTE | C8: 2016-05-30 08:53:30 | D8: 2016-05-30 09:02:30 | E8: =IFERROR(D8-C8, "") -> 0.00625 | F8: Lundi | G8: =IF(A8=A7, C8-D7, "") -> 0.0020833333 | H8: =IF(A8=A7, B7&" - "&B8, "") -> CARRIERE RAZEL BAGANGTE - CARRIERE RAZEL BAGANGTE | I8: =IF(F7='Données Hebdo'!A8, VLOOKUP(Feuil1!A8, 'Données Hebdo'!B:J, 8, FALSE), "") -> 0 | J8: =IF(A8=A9, RIGHT(D8, 8)&" à "&RIGHT(C9, 8), "") | K8: =IF(A8=A9, C9, "") | L8: =IF(A8=A9, G9, "") | M8: =IF(A8=A9, E8, "") | N8: =IF(A8=A9, H9, "")
A9: BVC74 | B9: BASE RAZEL BAGANGTE | C9: 2016-05-30 00:31:14 | D9: 2016-05-30 08:26:58 | E9: =IFERROR(D9-C9, "") -> 0.33037037 | F9: Lundi | G9: =IF(A9=A8, C9-D8, "") | H9: =IF(A9=A8, B8&" - "&B9, "") | I9: =IF(F8='Données Hebdo'!A9, VLOOKUP(Feuil1!A9, 'Données Hebdo'!B:J, 8, FALSE), "") | J9: =IF(A9=A10, RIGHT(D9, 8)&" à "&RIGHT(C10, 8), "") -> 08:26:58 à 11:40:58 | K9: =IF(A9=A10, C10, "") -> 2016-05-30 11:40:58 | L9: =IF(A9=A10, G10, "") -> 0.13472222 | M9: =IF(A9=A10, E9, "") -> 0.33037037 | N9: =IF(A9=A10, H10, "") -> BASE RAZEL BAGANGTE - CARRIERE RAZEL BAGANGTE
A10: BVC74 | B10: CARRIERE RAZEL BAGANGTE | C10: 2016-05-30 11:40:58 | D10: 2016-05-30 11:54:59 | E10: =IFERROR(D10-C10, "") -> 0.0097337963 | F10: Lundi | G10: =IF(A10=A9, C10-D9, "") -> 0.13472222 | H10: =IF(A10=A9, B9&" - "&B10, "") -> BASE RAZEL BAGANGTE - CARRIERE RAZEL BAGANGTE | I10: =IF(F9='Données Hebdo'!A10, VLOOKUP(Feuil1!A10, 'Données Hebdo'!B:J, 8, FALSE), "") | J10: =IF(A10=A11, RIGHT(D10, 8)&" à "&RIGHT(C11, 8), "") -> 11:54:59 à 13:25:59 | K10: =IF(A10=A11, C11, "") -> 2016-05-30 13:25:59 | L10: =IF(A10=A11, G11, "") -> 0.063194444 | M10: =IF(A10=A11, E10, "") -> 0.0097337963 | N10: =IF(A10=A11, H11, "") -> CARRIERE RAZEL BAGANGTE - BASE RAZEL BAGANGTE
A11: BVC74 | B11: BASE RAZEL BAGANGTE | C11: 2016-05-30 13:25:59 | D11: 2016-05-31 07:34:08 | E11: =IFERROR(D11-C11, "") -> 0.75565972 | F11: Lundi | G11: =IF(A11=A10, C11-D10, "") -> 0.063194444 | H11: =IF(A11=A10, B10&" - "&B11, "") -> CARRIERE RAZEL BAGANGTE - BASE RAZEL BAGANGTE | I11: =IF(F10='Données Hebdo'!A11, VLOOKUP(Feuil1!A11, 'Données Hebdo'!B:J, 8, FALSE), "") | J11: =IF(A11=A12, RIGHT(D11, 8)&" à "&RIGHT(C12, 8), "") | K11: =IF(A11=A12, C12, "") | L11: =IF(A11=A12, G12, "") | M11: =IF(A11=A12, E11, "") | N11: =IF(A11=A12, H12, "")
A12: BVT39 | B12: BASE RAZEL PREFECTURE | C12: 2016-05-30 06:57:11 | D12: 2016-05-30 08:35:30 | E12: =IFERROR(D12-C12, "") -> 0.068275463 | F12: Lundi | G12: =IF(A12=A11, C12-D11, "") | H12: =IF(A12=A11, B11&" - "&B12, "") | I12: =IF(F11='Données Hebdo'!A12, VLOOKUP(Feuil1!A12, 'Données Hebdo'!B:J, 8, FALSE), "") -> 0 | J12: =IF(A12=A13, RIGHT(D12, 8)&" à "&RIGHT(C13, 8), "") -> 08:35:30 à 08:36:30 | K12: =IF(A12=A13, C13, "") -> 2016-05-30 08:36:30 | L12: =IF(A12=A13, G13, "") -> 0.00069444444 | M12: =IF(A12=A13, E12, "") -> 0.068275463 | N12: =IF(A12=A13, H13, "") -> BASE RAZEL PREFECTURE - BASE RAZEL PREFECTURE
A13: BVT39 | B13: BASE RAZEL PREFECTURE | C13: 2016-05-30 08:36:30 | D13: 2016-05-30 16:52:48 | E13: =IFERROR(D13-C13, "") -> 0.34465278 | F13: Lundi | G13: =IF(A13=A12, C13-D12, "") -> 0.00069444444 | H13: =IF(A13=A12, B12&" - "&B13, "") -> BASE RAZEL PREFECTURE - BASE RAZEL PREFECTURE | I13: =IF(F12='Données Hebdo'!A13, VLOOKUP(Feuil1!A13, 'Données Hebdo'!B:J, 8, FALSE), "") -> 0 | J13: =IF(A13=A14, RIGHT(D13, 8)&" à "&RIGHT(C14, 8), "") | K13: =IF(A13=A14, C14, "") | L13: =IF(A13=A14, G14, "") | M13: =IF(A13=A14, E13, "") | N13: =IF(A13=A14, H14, "")
... A37: MV701 | B37: CARRIERE RAZEL NKOMETOU | C37: 2016-05-30 09:09:27 | D37: 2016-05-30 09:52:27 | E37: =IFERROR(D37-C37, "") -> 0.029861111 | F37: Lundi | G37: =IF(A37=A36, C37-D36, "") | H37: =IF(A37=A36, B36&" - "&B37, "") | I37: =IF(F36='Données Hebdo'!A37, VLOOKUP(Feuil1!A37, 'Données Hebdo'!B:J, 8, FALSE), "") -> 0 | J37: =IF(A37=A38, RIGHT(D37, 8)&" à "&RIGHT(C38, 8), "") -> 09:52:27 à 11:32:27 | K37: =IF(A37=A38, C38, "") -> 2016-05-30 11:32:27 | L37: =IF(A37=A38, G38, "") -> 0.069444444 | M37: =IF(A37=A38, E37, "") -> 0.029861111 | N37: =IF(A37=A38, H38, "") -> CARRIERE RAZEL NKOMETOU - BASE RAZEL PADY 2
A38: MV701 | B38: BASE RAZEL PADY 2 | C38: 2016-05-30 11:32:27 | D38: 2016-05-30 11:42:39 | E38: =IFERROR(D38-C38, "") -> 0.0070833333 | F38: Lundi | G38: =IF(A38=A37, C38-D37, "") -> 0.069444444 | H38: =IF(A38=A37, B37&" - "&B38, "") -> CARRIERE RAZEL NKOMETOU - BASE RAZEL PADY 2 | I38: =IF(F37='Données Hebdo'!A37, VLOOKUP(Feuil1!A38, 'Données Hebdo'!B:J, 8, FALSE), "") | J38: =IF(A38=A39, RIGHT(D38, 8)&" à "&RIGHT(C39, 8), "") -> 11:42:39 à 12:50:41 | K38: =IF(A38=A39, C39, "") -> 2016-05-30 12:50:41 | L38: =IF(A38=A39, G39, "") -> 0.04724537 | M38: =IF(A38=A39, E38, "") -> 0.0070833333 | N38: =IF(A38=A39, H39, "") -> BASE RAZEL PADY 2 - CARRIERE RAZEL NKOMETOU
A39: MV701 | B39: CARRIERE RAZEL NKOMETOU | C39: 2016-05-30 12:50:41 | D39: 2016-05-30 13:38:41 | E39: =IFERROR(D39-C39, "") -> 0.033333333 | F39: Lundi | G39: =IF(A39=A38, C39-D38, "") -> 0.04724537 | H39: =IF(A39=A38, B38&" - "&B39, "") -> BASE RAZEL PADY 2 - CARRIERE RAZEL NKOMETOU | I39: =IF(F38='Données Hebdo'!A38, VLOOKUP(Feuil1!A39, 'Données Hebdo'!B:J, 8, FALSE), "") | J39: =IF(A39=A40, RIGHT(D39, 8)&" à "&RIGHT(C40, 8), "") -> 13:38:41 à 15:41:41 | K39: =IF(A39=A40, C40, "") -> 2016-05-30 15:41:41 | L39: =IF(A39=A40, G40, "") -> 0.085416667 | M39: =IF(A39=A40, E39, "") -> 0.033333333 | N39: =IF(A39=A40, H40, "") -> CARRIERE RAZEL NKOMETOU - CARRIERE RAZEL NKOMETOU
A40: MV701 | B40: CARRIERE RAZEL NKOMETOU | C40: 2016-05-30 15:41:41 | D40: 2016-05-30 16:28:41 | E40: =IFERROR(D40-C40, "") -> 0.032638889 | F40: Lundi | G40: =IF(A40=A39, C40-D39, "") -> 0.085416667 | H40: =IF(A40=A39, B39&" - "&B40, "") -> CARRIERE RAZEL NKOMETOU - CARRIERE RAZEL NKOMETOU | I40: =IF(F39='Données Hebdo'!A39, VLOOKUP(Feuil1!A40, 'Données Hebdo'!B:J, 8, FALSE), "") | J40: =IF(A40=A41, RIGHT(D40, 8)&" à "&RIGHT(C41, 8), "") | K40: =IF(A40=A41, C41, "") | L40: =IF(A40=A41, G41, "") | M40: =IF(A40=A41, E40, "") | N40: =IF(A40=A41, H41, "")
A41: MV702 | B41: BASE RAZEL PADY 2 | C41: 2016-05-30 07:03:58 | D41: 2016-05-30 07:20:56 | E41: =IFERROR(D41-C41, "") -> 0.011782407 | F41: Lundi | G41: =IF(A41=A40, C41-D40, "") | H41: =IF(A41=A40, B40&" - "&B41, "") | I41: =IF(F40='Données Hebdo'!A40, VLOOKUP(Feuil1!A41, 'Données Hebdo'!B:J, 8, FALSE), "") | J41: =IF(A41=A42, RIGHT(D41, 8)&" à "&RIGHT(C42, 8), "") -> 07:20:56 à 08:14:56 | K41: =IF(A41=A42, C42, "") -> 2016-05-30 08:14:56 | L41: =IF(A41=A42, G42, "") -> 0.0375 | M41: =IF(A41=A42, E41, "") -> 0.011782407 | N41: =IF(A41=A42, H42, "") -> BASE RAZEL PADY 2 - CARRIERE RAZEL NKOMETOU
A42: MV702 | B42: CARRIERE RAZEL NKOMETOU | C42: 2016-05-30 08:14:56 | D42: 2016-05-30 08:45:00 | E42: =IFERROR(D42-C42, "") -> 0.02087963 | F42: Lundi | G42: =IF(A42=A41, C42-D41, "") -> 0.0375 | H42: =IF(A42=A41, B41&" - "&B42, "") -> BASE RAZEL PADY 2 - CARRIERE RAZEL NKOMETOU | I42: =IF(F41='Données Hebdo'!A41, VLOOKUP(Feuil1!A42, 'Données Hebdo'!B:J, 8, FALSE), "") | J42: =IF(A42=A43, RIGHT(D42, 8)&" à "&RIGHT(C43, 8), "") -> 08:45:00 à 10:04:00 | K42: =IF(A42=A43, C43, "") -> 2016-05-30 10:04:00 | L42: =IF(A42=A43, G43, "") -> 0.054861111 | M42: =IF(A42=A43, E42, "") -> 0.02087963 | N42: =IF(A42=A43, H43, "") -> CARRIERE RAZEL NKOMETOU - BASE RAZEL PADY 2
A43: MV702 | B43: BASE RAZEL PADY 2 | C43: 2016-05-30 10:04:00 | D43: 2016-05-30 17:02:16 | E43: =IFERROR(D43-C43, "") -> 0.29046296 | F43: Lundi | G43: =IF(A43=A42, C43-D42, "") -> 0.054861111 | H43: =IF(A43=A42, B42&" - "&B43, "") -> CARRIERE RAZEL NKOMETOU - BASE RAZEL PADY 2 | I43: =IF(F42='Données Hebdo'!A42, VLOOKUP(Feuil1!A43, 'Données Hebdo'!B:J, 8, FALSE), "") | J43: =IF(A43=A44, RIGHT(D43, 8)&" à "&RIGHT(C44, 8), "") | K43: =IF(A43=A44, C44, "") | L43: =IF(A43=A44, G44, "") | M43: =IF(A43=A44, E43, "") | N43: =IF(A43=A44, H44, "")
A44: BV706 | B44: BASE RAZEL BAGANGTE | C44: 2016-05-31 17:34:50 | D44: 2016-06-01 06:50:54 | E44: =IFERROR(D44-C44, "") -> 0.55282407 | F44: Lundi | G44: =IF(A44=A43, C44-D43, "") | H44: =IF(A44=A43, B43&" - "&B44, "") | I44: =IF(F43='Données Hebdo'!A43, VLOOKUP(Feuil1!A44, 'Données Hebdo'!B:J, 8, FALSE), "") | J44: =IF(A44=A45, RIGHT(D44, 8)&" à "&RIGHT(C45, 8), "") | K44: =IF(A44=A45, C45, "") | L44: =IF(A44=A45, G45, "") | M44: =IF(A44=A45, E44, "") | N44: =IF(A44=A45, H45, "")
A45: BV707 | B45: BASE RAZEL BAGANGTE | C45: 2016-05-31 17:55:05 | D45: 2016-06-01 07:36:18 | E45: =IFERROR(D45-C45, "") -> 0.57028935 | F45: Lundi | G45: =IF(A45=A44, C45-D44, "") | H45: =IF(A45=A44, B44&" - "&B45, "") | I45: =IF(F44='Données Hebdo'!A44, VLOOKUP(Feuil1!A45, 'Données Hebdo'!B:J, 8, FALSE), "") | J45: =IF(A45=A46, RIGHT(D45, 8)&" à "&RIGHT(C46, 8), "") | K45: =IF(A45=A46, C46, "") | L45: =IF(A45=A46, G46, "") | M45: =IF(A45=A46, E45, "") | N45: =IF(A45=A46, H46, "")
A46: BV711 | B46: BASE RAZEL BAGANGTE | C46: 2016-05-31 17:50:45 | D46: 2016-06-01 08:51:27 | E46: =IFERROR(D46-C46, "") -> 0.62548611 | F46: Lundi | G46: =IF(A46=A45, C46-D45, "") | H46: =IF(A46=A45, B45&" - "&B46, "") | I46: =IF(F45='Données Hebdo'!A45, VLOOKUP(Feuil1!A46, 'Données Hebdo'!B:J, 8, FALSE), "") | J46: =IF(A46=A47, RIGHT(D46, 8)&" à "&RIGHT(C47, 8), "") | K46: =IF(A46=A47, C47, "") | L46: =IF(A46=A47, G47, "") | M46: =IF(A46=A47, E46, "") | N46: =IF(A46=A47, H47, "")
A47: BVC74 | B47: CARRIERE RAZEL BAGANGTE | C47: 2016-05-31 08:51:59 | D47: 2016-05-31 08:53:59 | E47: =IFERROR(D47-C47, "") -> 0.0013888889 | F47: Lundi | G47: =IF(A47=A46, C47-D46, "") | H47: =IF(A47=A46, B46&" - "&B47, "") | I47: =IF(F46='Données Hebdo'!A46, VLOOKUP(Feuil1!A47, 'Données Hebdo'!B:J, 8, FALSE), "") | J47: =IF(A47=A48, RIGHT(D47, 8)&" à "&RIGHT(C48, 8), "") -> 08:53:59 à 12:13:58 | K47: =IF(A47=A48, C48, "") -> 2016-05-31 12:13:58 | L47: =IF(A47=A48, G48, "") -> 0.13887731 | M47: =IF(A47=A48, E47, "") -> 0.0013888889 | N47: =IF(A47=A48, H48, "") -> CARRIERE RAZEL BAGANGTE - CARRIERE RAZEL BAGANGTE
A48: BVC74 | B48: CARRIERE RAZEL BAGANGTE | C48: 2016-05-31 12:13:58 | D48: 2016-05-31 12:28:58 | E48: =IFERROR(D48-C48, "") -> 0.010416667 | F48: Lundi | G48: =IF(A48=A47, C48-D47, "") -> 0.13887731 | H48: =IF(A48=A47, B47&" - "&B48, "") -> CARRIERE RAZEL BAGANGTE - CARRIERE RAZEL BAGANGTE | I48: =IF(F47='Données Hebdo'!A47, VLOOKUP(Feuil1!A48, 'Données Hebdo'!B:J, 8, FALSE), "") | J48: =IF(A48=A49, RIGHT(D48, 8)&" à "&RIGHT(C49, 8), "") -> 12:28:58 à 13:23:58 | K48: =IF(A48=A49, C49, "") -> 2016-05-31 13:23:58 | L48: =IF(A48=A49, G49, "") -> 0.038194444 | M48: =IF(A48=A49, E48, "") -> 0.010416667 | N48: =IF(A48=A49, H49, "") -> CARRIERE RAZEL BAGANGTE - BASE RAZEL BAGANGTE
A49: BVC74 | B49: BASE RAZEL BAGANGTE | C49: 2016-05-31 13:23:58 | D49: 2016-05-31 16:25:08 | E49: =IFERROR(D49-C49, "") -> 0.12581019 | F49: Lundi | G49: =IF(A49=A48, C49-D48, "") -> 0.038194444 | H49: =IF(A49=A48, B48&" - "&B49, "") -> CARRIERE RAZEL BAGANGTE - BASE RAZEL BAGANGTE | I49: =IF(F48='Données Hebdo'!A48, VLOOKUP(Feuil1!A49, 'Données Hebdo'!B:J, 8, FALSE), "") | J49: =IF(A49=A50, RIGHT(D49, 8)&" à "&RIGHT(C50, 8), "") -> 16:25:08 à 17:10:58 | K49: =IF(A49=A50, C50, "") -> 2016-05-31 17:10:58 | L49: =IF(A49=A50, G50, "") -> 0.031828704 | M49: =IF(A49=A50, E49, "") -> 0.12581019 | N49: =IF(A49=A50, H50, "") -> BASE RAZEL BAGANGTE - BASE RAZEL BAGANGTE
... A61: BVT82 | B61: CARRIERE RAZEL LOGBADJECK | C61: 2016-05-31 16:34:30 | D61: 2016-05-31 17:14:30 | E61: =IFERROR(D61-C61, "") -> 0.027777778 | F61: Lundi | G61: =IF(A61=A60, C61-D60, "") -> 0.25763889 | H61: =IF(A61=A60, B60&" - "&B61, "") -> CARRIERE RAZEL LOGBADJECK - CARRIERE RAZEL LOGBADJECK | I61: =IF(F60='Données Hebdo'!A60, VLOOKUP(Feuil1!A61, 'Données Hebdo'!B:J, 8, FALSE), "") | J61: =IF(A61=A62, RIGHT(D61, 8)&" à "&RIGHT(C62, 8), "") -> 17:14:30 à 18:12:30 | K61: =IF(A61=A62, C62, "") -> 2016-05-31 18:12:30 | L61: =IF(A61=A62, G62, "") -> 0.040277778 | M61: =IF(A61=A62, E61, "") -> 0.027777778 | N61: =IF(A61=A62, H62, "") -> CARRIERE RAZEL LOGBADJECK - DEPOT RAZEL YASSA
A62: BVT82 | B62: DEPOT RAZEL YASSA | C62: 2016-05-31 18:12:30 | D62: 2016-06-01 05:40:59 | E62: =IFERROR(D62-C62, "") -> 0.47811343 | F62: Lundi | G62: =IF(A62=A61, C62-D61, "") -> 0.040277778 | H62: =IF(A62=A61, B61&" - "&B62, "") -> CARRIERE RAZEL LOGBADJECK - DEPOT RAZEL YASSA | I62: =IF(F61='Données Hebdo'!A61, VLOOKUP(Feuil1!A62, 'Données Hebdo'!B:J, 8, FALSE), "") | J62: =IF(A62=A36, RIGHT(D62, 8)&" à "&RIGHT(C36, 8), "") | K62: =IF(A62=A36, C36, "") | L62: =IF(A62=A36, G36, "") | M62: =IF(A62=A36, E62, "") | N62: =IF(A62=A36, H36, "")
A63: MV701 | B63: CARRIERE RAZEL NKOMETOU | C63: 2016-05-31 09:32:44 | D63: 2016-05-31 10:15:44 | E63: =IFERROR(D63-C63, "") -> 0.029861111 | F63: Lundi | G63: =IF(A63=A36, C63-D36, "") | H63: =IF(A63=A36, B36&" - "&B63, "") | I63: =IF(F36='Données Hebdo'!A63, VLOOKUP(Feuil1!A63, 'Données Hebdo'!B:J, 8, FALSE), "") | J63: =IF(A63=A64, RIGHT(D63, 8)&" à "&RIGHT(C64, 8), "") | K63: =IF(A63=A64, C64, "") | L63: =IF(A63=A64, G64, "") | M63: =IF(A63=A64, E63, "") | N63: =IF(A63=A64, H64, "")
A64: MV702 | B64: BASE RAZEL OLEMBE | C64: 2016-05-31 08:24:01 | D64: 2016-05-31 08:30:01 | E64: =IFERROR(D64-C64, "") -> 0.0041666667 | F64: Lundi | G64: =IF(A64=A63, C64-D63, "") | H64: =IF(A64=A63, B63&" - "&B64, "") | I64: =IF(F63='Données Hebdo'!A64, VLOOKUP(Feuil1!A64, 'Données Hebdo'!B:J, 8, FALSE), "") | J64: =IF(A64=A65, RIGHT(D64, 8)&" à "&RIGHT(C65, 8), "") -> 08:30:01 à 09:32:01 | K64: =IF(A64=A65, C65, "") -> 2016-05-31 09:32:01 | L64: =IF(A64=A65, G65, "") -> 0.043055556 | M64: =IF(A64=A65, E64, "") -> 0.0041666667 | N64: =IF(A64=A65, H65, "") -> BASE RAZEL OLEMBE - BASE RAZEL PADY 2
A65: MV702 | B65: BASE RAZEL PADY 2 | C65: 2016-05-31 09:32:01 | D65: 2016-05-31 09:48:22 | E65: =IFERROR(D65-C65, "") -> 0.011354167 | F65: Lundi | G65: =IF(A65=A64, C65-D64, "") -> 0.043055556 | H65: =IF(A65=A64, B64&" - "&B65, "") -> BASE RAZEL OLEMBE - BASE RAZEL PADY 2 | I65: =IF(F64='Données Hebdo'!A65, VLOOKUP(Feuil1!A65, 'Données Hebdo'!B:J, 8, FALSE), "") | J65: =IF(A65=A66, RIGHT(D65, 8)&" à "&RIGHT(C66, 8), "") | K65: =IF(A65=A66, C66, "") | L65: =IF(A65=A66, G66, "") | M65: =IF(A65=A66, E65, "") | N65: =IF(A65=A66, H66, "")
A66: BV706 | B66: BASE RAZEL BAGANGTE | C66: 2016-06-01 17:56:35 | D66: 2016-06-02 07:03:09 | E66: =IFERROR(D66-C66, "") -> 0.54622685 | F66: Lundi | G66: =IF(A66=A65, C66-D65, "") | H66: =IF(A66=A65, B65&" - "&B66, "") | I66: =IF(F65='Données Hebdo'!A66, VLOOKUP(Feuil1!A66, 'Données Hebdo'!B:J, 8, FALSE), "") | J66: =IF(A66=A67, RIGHT(D66, 8)&" à "&RIGHT(C67, 8), "") | K66: =IF(A66=A67, C67, "") | L66: =IF(A66=A67, G67, "") | M66: =IF(A66=A67, E66, "") | N66: =IF(A66=A67, H67, "")
A67: BV707 | B67: BASE RAZEL BAGANGTE | C67: 2016-06-01 16:35:00 | D67: 2016-06-02 06:41:03 | E67: =IFERROR(D67-C67, "") -> 0.58753472 | F67: Lundi | G67: =IF(A67=A66, C67-D66, "") | H67: =IF(A67=A66, B66&" - "&B67, "") | I67: =IF(F66='Données Hebdo'!A67, VLOOKUP(Feuil1!A67, 'Données Hebdo'!B:J, 8, FALSE), "") | J67: =IF(A67=A68, RIGHT(D67, 8)&" à "&RIGHT(C68, 8), "") | K67: =IF(A67=A68, C68, "") | L67: =IF(A67=A68, G68, "") | M67: =IF(A67=A68, E67, "") | N67: =IF(A67=A68, H68, "")
A68: BV711 | B68: BASE RAZEL BAGANGTE | C68: 2016-06-01 16:34:52 | D68: 2016-06-02 06:40:17 | E68: =IFERROR(D68-C68, "") -> 0.58709491 | F68: Lundi | G68: =IF(A68=A67, C68-D67, "") | H68: =IF(A68=A67, B67&" - "&B68, "") | I68: =IF(F67='Données Hebdo'!A68, VLOOKUP(Feuil1!A68, 'Données Hebdo'!B:J, 8, FALSE), "") | J68: =IF(A68=A69, RIGHT(D68, 8)&" à "&RIGHT(C69, 8), "") | K68: =IF(A68=A69, C69, "") | L68: =IF(A68=A69, G69, "") | M68: =IF(A68=A69, E68, "") | N68: =IF(A68=A69, H69, "")
A69: BVC74 | B69: BASE RAZEL BAGANGTE | C69: 2016-06-01 10:03:58 | D69: 2016-06-01 12:28:58 | E69: =IFERROR(D69-C69, "") -> 0.10069444 | F69: Lundi | G69: =IF(A69=A68, C69-D68, "") | H69: =IF(A69=A68, B68&" - "&B69, "") | I69: =IF(F68='Données Hebdo'!A69, VLOOKUP(Feuil1!A69, 'Données Hebdo'!B:J, 8, FALSE), "") | J69: =IF(A69=A70, RIGHT(D69, 8)&" à "&RIGHT(C70, 8), "") -> 12:28:58 à 15:19:58 | K69: =IF(A69=A70, C70, "") -> 2016-06-01 15:19:58 | L69: =IF(A69=A70, G70, "") -> 0.11875 | M69: =IF(A69=A70, E69, "") -> 0.10069444 | N69: =IF(A69=A70, H70, "") -> BASE RAZEL BAGANGTE - BASE RAZEL BAGANGTE
A70: BVC74 | B70: BASE RAZEL BAGANGTE | C70: 2016-06-01 15:19:58 | D70: 2016-06-02 07:34:57 | E70: =IFERROR(D70-C70, "") -> 0.67707176 | F70: Lundi | G70: =IF(A70=A69, C70-D69, "") -> 0.11875 | H70: =IF(A70=A69, B69&" - "&B70, "") -> BASE RAZEL BAGANGTE - BASE RAZEL BAGANGTE | I70: =IF(F69='Données Hebdo'!A70, VLOOKUP(Feuil1!A70, 'Données Hebdo'!B:J, 8, FALSE), "") | J70: =IF(A70=A71, RIGHT(D70, 8)&" à "&RIGHT(C71, 8), "") | K70: =IF(A70=A71, C71, "") | L70: =IF(A70=A71, G71, "") | M70: =IF(A70=A71, E70, "") | N70: =IF(A70=A71, H71, "")
A71: BVT39 | B71: BASE RAZEL PADY 2 | C71: 2016-06-01 09:12:56 | D71: 2016-06-01 09:13:56 | E71: =IFERROR(D71-C71, "") -> 0.00069444445 | F71: Lundi | G71: =IF(A71=A70, C71-D70, "") | H71: =IF(A71=A70, B70&" - "&B71, "") | I71: =IF(F70='Données Hebdo'!A71, VLOOKUP(Feuil1!A71, 'Données Hebdo'!B:J, 8, FALSE), "") | J71: =IF(A71=A72, RIGHT(D71, 8)&" à "&RIGHT(C72, 8), "") -> 09:13:56 à 11:18:58 | K71: =IF(A71=A72, C72, "") -> 2016-06-01 11:18:58 | L71: =IF(A71=A72, G72, "") -> 0.086828704 | M71: =IF(A71=A72, E71, "") -> 0.00069444445 | N71: =IF(A71=A72, H72, "") -> BASE RAZEL PADY 2 - BASE RAZEL PREFECTURE
A72: BVT39 | B72: BASE RAZEL PREFECTURE | C72: 2016-06-01 11:18:58 | D72: 2016-06-01 13:48:24 | E72: =IFERROR(D72-C72, "") -> 0.10377315 | F72: Lundi | G72: =IF(A72=A71, C72-D71, "") -> 0.086828704 | H72: =IF(A72=A71, B71&" - "&B72, "") -> BASE RAZEL PADY 2 - BASE RAZEL PREFECTURE | I72: =IF(F71='Données Hebdo'!A72, VLOOKUP(Feuil1!A72, 'Données Hebdo'!B:J, 8, FALSE), "") | J72: =IF(A72=A73, RIGHT(D72, 8)&" à "&RIGHT(C73, 8), "") -> 13:48:24 à 14:29:59 | K72: =IF(A72=A73, C73, "") -> 2016-06-01 14:29:59 | L72: =IF(A72=A73, G73, "") -> 0.028877315 | M72: =IF(A72=A73, E72, "") -> 0.10377315 | N72: =IF(A72=A73, H73, "") -> BASE RAZEL PREFECTURE - BASE RAZEL OLEMBE
A73: BVT39 | B73: BASE RAZEL OLEMBE | C73: 2016-06-01 14:29:59 | D73: 2016-06-01 16:26:42 | E73: =IFERROR(D73-C73, "") -> 0.081053241 | F73: Lundi | G73: =IF(A73=A72, C73-D72, "") -> 0.028877315 | H73: =IF(A73=A72, B72&" - "&B73, "") -> BASE RAZEL PREFECTURE - BASE RAZEL OLEMBE | I73: =IF(F72='Données Hebdo'!A73, VLOOKUP(Feuil1!A73, 'Données Hebdo'!B:J, 8, FALSE), "") | J73: =IF(A73=A74, RIGHT(D73, 8)&" à "&RIGHT(C74, 8), "") -> 16:26:42 à 17:01:05 | K73: =IF(A73=A74, C74, "") -> 2016-06-01 17:01:05 | L73: =IF(A73=A74, G74, "") -> 0.023877315 | M73: =IF(A73=A74, E73, "") -> 0.081053241 | N73: =IF(A73=A74, H74, "") -> BASE RAZEL OLEMBE - BASE RAZEL PREFECTURE
A74: BVT39 | B74: BASE RAZEL PREFECTURE | C74: 2016-06-01 17:01:05 | D74: 2016-06-02 07:16:55 | E74: =IFERROR(D74-C74, "") -> 0.5943287 | F74: Lundi | G74: =IF(A74=A73, C74-D73, "") -> 0.023877315 | H74: =IF(A74=A73, B73&" - "&B74, "") -> BASE RAZEL OLEMBE - BASE RAZEL PREFECTURE | I74: =IF(F73='Données Hebdo'!A74, VLOOKUP(Feuil1!A74, 'Données Hebdo'!B:J, 8, FALSE), "") | J74: =IF(A74=A75, RIGHT(D74, 8)&" à "&RIGHT(C75, 8), "") | K74: =IF(A74=A75, C75, "") | L74: =IF(A74=A75, G75, "") | M74: =IF(A74=A75, E74, "") | N74: =IF(A74=A75, H75, "")
A75: BVT81 | B75: CARRIERE RAZEL NKOMETOU | C75: 2016-06-01 07:09:03 | D75: 2016-06-01 08:07:41 | E75: =IFERROR(D75-C75, "") -> 0.040717593 | F75: Lundi | G75: =IF(A75=A74, C75-D74, "") | H75: =IF(A75=A74, B74&" - "&B75, "") | I75: =IF(F74='Données Hebdo'!A75, VLOOKUP(Feuil1!A75, 'Données Hebdo'!B:J, 8, FALSE), "") | J75: =IF(A75=A76, RIGHT(D75, 8)&" à "&RIGHT(C76, 8), "") -> 08:07:41 à 08:58:41 | K75: =IF(A75=A76, C76, "") -> 2016-06-01 08:58:41 | L75: =IF(A75=A76, G76, "") -> 0.035416667 | M75: =IF(A75=A76, E75, "") -> 0.040717593 | N75: =IF(A75=A76, H76, "") -> CARRIERE RAZEL NKOMETOU - BASE RAZEL PREFECTURE
... A241: BVT78 | B241: BASE RAZEL PREFECTURE | C241: 2016-06-03 11:23:49 | D241: 2016-06-03 15:40:30 | E241: =IFERROR(D241-C241, "") -> 0.17825231 | F241: Vendredi | G241: =IF(A241=A240, C241-D240, "") -> 3.7997454 | H241: =IF(A241=A240, B240&" - "&B241, "") -> CARRIERE RAZEL NKOMETOU - BASE RAZEL PREFECTURE | I241: =IF(F240='Données Hebdo'!A241, VLOOKUP(Feuil1!A241, 'Données Hebdo'!B:J, 8, FALSE), "") | J241: =IF(A241=A242, RIGHT(D241, 8)&" à "&RIGHT(C242, 8), "") | K241: =IF(A241=A242, C242, "") | L241: =IF(A241=A242, G242, "") | M241: =IF(A241=A242, E241, "") | N241: =IF(A241=A242, H242, "")
A242: BVT79 | B242: BASE RAZEL AEROPORT | C242: 2016-05-28 11:36:00 | D242: 2016-05-30 05:26:31 | E242: =IFERROR(D242-C242, "") -> 1.7434144 | F242: Mardi | G242: =IF(A242=A240, C242-D240, "") | H242: =IF(A242=A240, B240&" - "&B242, "") | I242: =IF(F240='Données Hebdo'!A241, VLOOKUP(Feuil1!A242, 'Données Hebdo'!B:J, 8, FALSE), "") | J242: =IF(A242=A243, RIGHT(D242, 8)&" à "&RIGHT(C243, 8), "") -> 05:26:31 à 06:45:07 | K242: =IF(A242=A243, C243, "") -> 2016-05-30 06:45:07 | L242: =IF(A242=A243, G243, "") -> 0.054583333 | M242: =IF(A242=A243, E242, "") -> 1.7434144 | N242: =IF(A242=A243, H243, "") -> BASE RAZEL AEROPORT - CARRIERE LOGBADJECK
A243: BVT79 | B243: CARRIERE LOGBADJECK | C243: 2016-05-30 06:45:07 | D243: 2016-05-30 08:55:43 | E243: =IFERROR(D243-C243, "") -> 0.090694444 | F243: Mardi | G243: =IF(A243=A242, C243-D242, "") -> 0.054583333 | H243: =IF(A243=A242, B242&" - "&B243, "") -> BASE RAZEL AEROPORT - CARRIERE LOGBADJECK | I243: =IF(F242='Données Hebdo'!A242, VLOOKUP(Feuil1!A243, 'Données Hebdo'!B:J, 8, FALSE), "") | J243: =IF(A243=A244, RIGHT(D243, 8)&" à "&RIGHT(C244, 8), "") -> 08:55:43 à 10:52:13 | K243: =IF(A243=A244, C244, "") -> 2016-05-30 10:52:13 | L243: =IF(A243=A244, G244, "") -> 0.080902778 | M243: =IF(A243=A244, E243, "") -> 0.090694444 | N243: =IF(A243=A244, H244, "") -> CARRIERE LOGBADJECK - BASE RAZEL AEROPORT
A244: BVT79 | B244: BASE RAZEL AEROPORT | C244: 2016-05-30 10:52:13 | D244: 2016-05-30 10:53:58 | E244: =IFERROR(D244-C244, "") -> 0.0012152778 | F244: Mardi | G244: =IF(A244=A243, C244-D243, "") -> 0.080902778 | H244: =IF(A244=A243, B243&" - "&B244, "") -> CARRIERE LOGBADJECK - BASE RAZEL AEROPORT | I244: =IF(F243='Données Hebdo'!A243, VLOOKUP(Feuil1!A244, 'Données Hebdo'!B:J, 8, FALSE), "") | J244: =IF(A244=A245, RIGHT(D244, 8)&" à "&RIGHT(C245, 8), "") -> 10:53:58 à 10:54:56 | K244: =IF(A244=A245, C245, "") -> 2016-05-30 10:54:56 | L244: =IF(A244=A245, G245, "") -> 0.0006712963 | M244: =IF(A244=A245, E244, "") -> 0.0012152778 | N244: =IF(A244=A245, H245, "") -> BASE RAZEL AEROPORT - AEROPORT DE DOUALA
A245: BVT79 | B245: AEROPORT DE DOUALA | C245: 2016-05-30 10:54:56 | D245: 2016-05-30 10:58:52 | E245: =IFERROR(D245-C245, "") -> 0.0027314815 | F245: Mardi | G245: =IF(A245=A244, C245-D244, "") -> 0.0006712963 | H245: =IF(A245=A244, B244&" - "&B245, "") -> BASE RAZEL AEROPORT - AEROPORT DE DOUALA | I245: =IF(F244='Données Hebdo'!A244, VLOOKUP(Feuil1!A245, 'Données Hebdo'!B:J, 8, FALSE), "") | J245: =IF(A245=A246, RIGHT(D245, 8)&" à "&RIGHT(C246, 8), "") -> 10:58:52 à 11:11:39 | K245: =IF(A245=A246, C246, "") -> 2016-05-30 11:11:39 | L245: =IF(A245=A246, G246, "") -> 0.0088773148 | M245: =IF(A245=A246, E245, "") -> 0.0027314815 | N245: =IF(A245=A246, H246, "") -> AEROPORT DE DOUALA - AEROPORT DE DOUALA
A246: BVT79 | B246: AEROPORT DE DOUALA | C246: 2016-05-30 11:11:39 | D246: 2016-05-30 11:12:45 | E246: =IFERROR(D246-C246, "") -> 0.00076388889 | F246: Mardi | G246: =IF(A246=A245, C246-D245, "") -> 0.0088773148 | H246: =IF(A246=A245, B245&" - "&B246, "") -> AEROPORT DE DOUALA - AEROPORT DE DOUALA | I246: =IF(F245='Données Hebdo'!A245, VLOOKUP(Feuil1!A246, 'Données Hebdo'!B:J, 8, FALSE), "") | J246: =IF(A246=A247, RIGHT(D246, 8)&" à "&RIGHT(C247, 8), "") -> 11:12:45 à 11:15:15 | K246: =IF(A246=A247, C247, "") -> 2016-05-30 11:15:15 | L246: =IF(A246=A247, G247, "") -> 0.0017361111 | M246: =IF(A246=A247, E246, "") -> 0.00076388889 | N246: =IF(A246=A247, H247, "") -> AEROPORT DE DOUALA - AEROPORT DE DOUALA
A247: BVT79 | B247: AEROPORT DE DOUALA | C247: 2016-05-30 11:15:15 | D247: 2016-05-30 11:15:25 | E247: =IFERROR(D247-C247, "") -> 0.00011574075 | F247: Mardi | G247: =IF(A247=A246, C247-D246, "") -> 0.0017361111 | H247: =IF(A247=A246, B246&" - "&B247, "") -> AEROPORT DE DOUALA - AEROPORT DE DOUALA | I247: =IF(F246='Données Hebdo'!A246, VLOOKUP(Feuil1!A247, 'Données Hebdo'!B:J, 8, FALSE), "") | J247: =IF(A247=A248, RIGHT(D247, 8)&" à "&RIGHT(C248, 8), "") -> 11:15:25 à 11:20:53 | K247: =IF(A247=A248, C248, "") -> 2016-05-30 11:20:53 | L247: =IF(A247=A248, G248, "") -> 0.0037962963 | M247: =IF(A247=A248, E247, "") -> 0.00011574075 | N247: =IF(A247=A248, H248, "") -> AEROPORT DE DOUALA - AEROPORT DE DOUALA
A248: BVT79 | B248: AEROPORT DE DOUALA | C248: 2016-05-30 11:20:53 | D248: 2016-05-30 11:21:03 | E248: =IFERROR(D248-C248, "") -> 0.00011574074 | F248: Mardi | G248: =IF(A248=A247, C248-D247, "") -> 0.0037962963 | H248: =IF(A248=A247, B247&" - "&B248, "") -> AEROPORT DE DOUALA - AEROPORT DE DOUALA | I248: =IF(F247='Données Hebdo'!A247, VLOOKUP(Feuil1!A248, 'Données Hebdo'!B:J, 8, FALSE), "") | J248: =IF(A248=A249, RIGHT(D248, 8)&" à "&RIGHT(C249, 8), "") -> 11:21:03 à 11:23:10 | K248: =IF(A248=A249, C249, "") -> 2016-05-30 11:23:10 | L248: =IF(A248=A249, G249, "") -> 0.0014699074 | M248: =IF(A248=A249, E248, "") -> 0.00011574074 | N248: =IF(A248=A249, H249, "") -> AEROPORT DE DOUALA - BASE RAZEL AEROPORT
A249: BVT79 | B249: BASE RAZEL AEROPORT | C249: 2016-05-30 11:23:10 | D249: 2016-05-30 12:00:03 | E249: =IFERROR(D249-C249, "") -> 0.025613426 | F249: Mardi | G249: =IF(A249=A248, C249-D248, "") -> 0.0014699074 | H249: =IF(A249=A248, B248&" - "&B249, "") -> AEROPORT DE DOUALA - BASE RAZEL AEROPORT | I249: =IF(F248='Données Hebdo'!A248, VLOOKUP(Feuil1!A249, 'Données Hebdo'!B:J, 8, FALSE), "") | J249: =IF(A249=A250, RIGHT(D249, 8)&" à "&RIGHT(C250, 8), "") -> 12:00:03 à 13:15:35 | K249: =IF(A249=A250, C250, "") -> 2016-05-30 13:15:35 | L249: =IF(A249=A250, G250, "") -> 0.052453704 | M249: =IF(A249=A250, E249, "") -> 0.025613426 | N249: =IF(A249=A250, H250, "") -> BASE RAZEL AEROPORT - CARRIERE LOGBADJECK
A250: BVT79 | B250: CARRIERE LOGBADJECK | C250: 2016-05-30 13:15:35 | D250: 2016-05-30 14:17:47 | E250: =IFERROR(D250-C250, "") -> 0.043194444 | F250: Mardi | G250: =IF(A250=A249, C250-D249, "") -> 0.052453704 | H250: =IF(A250=A249, B249&" - "&B250, "") -> BASE RAZEL AEROPORT - CARRIERE LOGBADJECK | I250: =IF(F249='Données Hebdo'!A249, VLOOKUP(Feuil1!A250, 'Données Hebdo'!B:J, 8, FALSE), "") | J250: =IF(A250=A251, RIGHT(D250, 8)&" à "&RIGHT(C251, 8), "") -> 14:17:47 à 15:29:45 | K250: =IF(A250=A251, C251, "") -> 2016-05-30 15:29:45 | L250: =IF(A250=A251, G251, "") -> 0.049976852 | M250: =IF(A250=A251, E250, "") -> 0.043194444 | N250: =IF(A250=A251, H251, "") -> CARRIERE LOGBADJECK - BASE RAZEL AEROPORT
A251: BVT79 | B251: BASE RAZEL AEROPORT | C251: 2016-05-30 15:29:45 | D251: 2016-05-30 15:38:56 | E251: =IFERROR(D251-C251, "") -> 0.0063773148 | F251: Mardi | G251: =IF(A251=A250, C251-D250, "") -> 0.049976852 | H251: =IF(A251=A250, B250&" - "&B251, "") -> CARRIERE LOGBADJECK - BASE RAZEL AEROPORT | I251: =IF(F250='Données Hebdo'!A250, VLOOKUP(Feuil1!A251, 'Données Hebdo'!B:J, 8, FALSE), "") | J251: =IF(A251=A252, RIGHT(D251, 8)&" à "&RIGHT(C252, 8), "") -> 15:38:56 à 15:40:14 | K251: =IF(A251=A252, C252, "") -> 2016-05-30 15:40:14 | L251: =IF(A251=A252, G252, "") -> 0.00090277778 | M251: =IF(A251=A252, E251, "") -> 0.0063773148 | N251: =IF(A251=A252, H252, "") -> BASE RAZEL AEROPORT - AEROPORT DE DOUALA
A252: BVT79 | B252: AEROPORT DE DOUALA | C252: 2016-05-30 15:40:14 | D252: 2016-05-30 15:45:09 | E252: =IFERROR(D252-C252, "") -> 0.0034143519 | F252: Mardi | G252: =IF(A252=A251, C252-D251, "") -> 0.00090277778 | H252: =IF(A252=A251, B251&" - "&B252, "") -> BASE RAZEL AEROPORT - AEROPORT DE DOUALA | I252: =IF(F251='Données Hebdo'!A251, VLOOKUP(Feuil1!A252, 'Données Hebdo'!B:J, 8, FALSE), "") | J252: =IF(A252=A253, RIGHT(D252, 8)&" à "&RIGHT(C253, 8), "") -> 15:45:09 à 15:49:34 | K252: =IF(A252=A253, C253, "") -> 2016-05-30 15:49:34 | L252: =IF(A252=A253, G253, "") -> 0.0030671296 | M252: =IF(A252=A253, E252, "") -> 0.0034143519 | N252: =IF(A252=A253, H253, "") -> AEROPORT DE DOUALA - AEROPORT DE DOUALA
A253: BVT79 | B253: AEROPORT DE DOUALA | C253: 2016-05-30 15:49:34 | D253: 2016-05-30 16:01:01 | E253: =IFERROR(D253-C253, "") -> 0.0079513889 | F253: Mardi | G253: =IF(A253=A252, C253-D252, "") -> 0.0030671296 | H253: =IF(A253=A252, B252&" - "&B253, "") -> AEROPORT DE DOUALA - AEROPORT DE DOUALA | I253: =IF(F252='Données Hebdo'!A252, VLOOKUP(Feuil1!A253, 'Données Hebdo'!B:J, 8, FALSE), "") | J253: =IF(A253=A254, RIGHT(D253, 8)&" à "&RIGHT(C254, 8), "") -> 16:01:01 à 16:01:56 | K253: =IF(A253=A254, C254, "") -> 2016-05-30 16:01:56 | L253: =IF(A253=A254, G254, "") -> 0.00063657407 | M253: =IF(A253=A254, E253, "") -> 0.0079513889 | N253: =IF(A253=A254, H254, "") -> AEROPORT DE DOUALA - BASE RAZEL AEROPORT
A254: BVT79 | B254: BASE RAZEL AEROPORT | C254: 2016-05-30 16:01:56 | D254: 2016-05-30 16:03:11 | E254: =IFERROR(D254-C254, "") -> 0.00086805555 | F254: Mardi | G254: =IF(A254=A253, C254-D253, "") -> 0.00063657407 | H254: =IF(A254=A253, B253&" - "&B254, "") -> AEROPORT DE DOUALA - BASE RAZEL AEROPORT | I254: =IF(F253='Données Hebdo'!A253, VLOOKUP(Feuil1!A254, 'Données Hebdo'!B:J, 8, FALSE), "") | J254: =IF(A254=A255, RIGHT(D254, 8)&" à "&RIGHT(C255, 8), "") -> 16:03:11 à 16:03:11 | K254: =IF(A254=A255, C255, "") -> 2016-05-30 16:03:11 | L254: =IF(A254=A255, G255, "") -> 0 | M254: =IF(A254=A255, E254, "") -> 0.00086805555 | N254: =IF(A254=A255, H255, "") -> BASE RAZEL AEROPORT - AEROPORT DE DOUALA
... A449: BVT77 | B449: CARRIERE LOGBADJECK | C449: 2016-06-03 16:27:39 | D449: 2016-06-03 16:49:16 | E449: =IFERROR(D449-C449, "") -> 0.015011574 | F449: Mercredi | G449: =IF(A449=A448, C449-D448, "") -> 0.072337963 | H449: =IF(A449=A448, B448&" - "&B449, "") -> BASE RAZEL AEROPORT - CARRIERE LOGBADJECK | I449: =IF(F448='Données Hebdo'!A448, VLOOKUP(Feuil1!A449, 'Données Hebdo'!B:J, 8, FALSE), "") | J449: =IF(A449=A450, RIGHT(D449, 8)&" à "&RIGHT(C450, 8), "") -> 16:49:16 à 18:10:25 | K449: =IF(A449=A450, C450, "") -> 2016-06-03 18:10:25 | L449: =IF(A449=A450, G450, "") -> 0.056354167 | M449: =IF(A449=A450, E449, "") -> 0.015011574 | N449: =IF(A449=A450, H450, "") -> CARRIERE LOGBADJECK - BASE RAZEL AEROPORT
A450: BVT77 | B450: BASE RAZEL AEROPORT | C450: 2016-06-03 18:10:25 | D450: 2016-06-04 07:11:25 | E450: =IFERROR(D450-C450, "") -> 0.54236111 | F450: Mercredi | G450: =IF(A450=A449, C450-D449, "") -> 0.056354167 | H450: =IF(A450=A449, B449&" - "&B450, "") -> CARRIERE LOGBADJECK - BASE RAZEL AEROPORT | I450: =IF(F449='Données Hebdo'!A449, VLOOKUP(Feuil1!A450, 'Données Hebdo'!B:J, 8, FALSE), "") | J450: =IF(A450=A241, RIGHT(D450, 8)&" à "&RIGHT(C241, 8), "") | K450: =IF(A450=A241, C241, "") | L450: =IF(A450=A241, G241, "") | M450: =IF(A450=A241, E450, "") | N450: =IF(A450=A241, H241, "")
A451: BVT79 | B451: BASE RAZEL AEROPORT | C451: 2016-06-02 18:25:44 | D451: 2016-06-03 05:36:03 | E451: =IFERROR(D451-C451, "") -> 0.46549769 | F451: Mercredi | G451: =IF(A451=A241, C451-D241, "") | H451: =IF(A451=A241, B241&" - "&B451, "") | I451: =IF(F241='Données Hebdo'!A451, VLOOKUP(Feuil1!A451, 'Données Hebdo'!B:J, 8, FALSE), "") | J451: =IF(A451=A452, RIGHT(D451, 8)&" à "&RIGHT(C452, 8), "") -> 05:36:03 à 06:58:20 | K451: =IF(A451=A452, C452, "") -> 2016-06-03 06:58:20 | L451: =IF(A451=A452, G452, "") -> 0.057141204 | M451: =IF(A451=A452, E451, "") -> 0.46549769 | N451: =IF(A451=A452, H452, "") -> BASE RAZEL AEROPORT - CARRIERE LOGBADJECK
A452: BVT79 | B452: CARRIERE LOGBADJECK | C452: 2016-06-03 06:58:20 | D452: 2016-06-03 08:33:27 | E452: =IFERROR(D452-C452, "") -> 0.066053241 | F452: Mercredi | G452: =IF(A452=A451, C452-D451, "") -> 0.057141204 | H452: =IF(A452=A451, B451&" - "&B452, "") -> BASE RAZEL AEROPORT - CARRIERE LOGBADJECK | I452: =IF(F451='Données Hebdo'!A452, VLOOKUP(Feuil1!A452, 'Données Hebdo'!B:J, 8, FALSE), "") | J452: =IF(A452=A453, RIGHT(D452, 8)&" à "&RIGHT(C453, 8), "") -> 08:33:27 à 10:30:00 | K452: =IF(A452=A453, C453, "") -> 2016-06-03 10:30:00 | L452: =IF(A452=A453, G453, "") -> 0.0809375 | M452: =IF(A452=A453, E452, "") -> 0.066053241 | N452: =IF(A452=A453, H453, "") -> CARRIERE LOGBADJECK - BASE RAZEL AEROPORT
A453: BVT79 | B453: BASE RAZEL AEROPORT | C453: 2016-06-03 10:30:00 | D453: 2016-06-03 10:36:29 | E453: =IFERROR(D453-C453, "") -> 0.0045023148 | F453: Mercredi | G453: =IF(A453=A452, C453-D452, "") -> 0.0809375 | H453: =IF(A453=A452, B452&" - "&B453, "") -> CARRIERE LOGBADJECK - BASE RAZEL AEROPORT | I453: =IF(F452='Données Hebdo'!A453, VLOOKUP(Feuil1!A453, 'Données Hebdo'!B:J, 8, FALSE), "") | J453: =IF(A453=A454, RIGHT(D453, 8)&" à "&RIGHT(C454, 8), "") -> 10:36:29 à 12:10:01 | K453: =IF(A453=A454, C454, "") -> 2016-06-03 12:10:01 | L453: =IF(A453=A454, G454, "") -> 0.064953704 | M453: =IF(A453=A454, E453, "") -> 0.0045023148 | N453: =IF(A453=A454, H454, "") -> BASE RAZEL AEROPORT - CARRIERE LOGBADJECK
A454: BVT79 | B454: CARRIERE LOGBADJECK | C454: 2016-06-03 12:10:01 | D454: 2016-06-03 13:00:17 | E454: =IFERROR(D454-C454, "") -> 0.034907407 | F454: Jeudi | G454: =IF(A454=A453, C454-D453, "") -> 0.064953704 | H454: =IF(A454=A453, B453&" - "&B454, "") -> BASE RAZEL AEROPORT - CARRIERE LOGBADJECK | I454: =IF(F453='Données Hebdo'!A454, VLOOKUP(Feuil1!A454, 'Données Hebdo'!B:J, 8, FALSE), "") | J454: =IF(A454=A455, RIGHT(D454, 8)&" à "&RIGHT(C455, 8), "") -> 13:00:17 à 14:56:58 | K454: =IF(A454=A455, C455, "") -> 2016-06-03 14:56:58 | L454: =IF(A454=A455, G455, "") -> 0.081030093 | M454: =IF(A454=A455, E454, "") -> 0.034907407 | N454: =IF(A454=A455, H455, "") -> CARRIERE LOGBADJECK - BASE RAZEL AEROPORT
A455: BVT79 | B455: BASE RAZEL AEROPORT | C455: 2016-06-03 14:56:58 | D455: 2016-06-03 15:07:31 | E455: =IFERROR(D455-C455, "") -> 0.0073263889 | F455: Jeudi | G455: =IF(A455=A454, C455-D454, "") -> 0.081030093 | H455: =IF(A455=A454, B454&" - "&B455, "") -> CARRIERE LOGBADJECK - BASE RAZEL AEROPORT | I455: =IF(F454='Données Hebdo'!A455, VLOOKUP(Feuil1!A455, 'Données Hebdo'!B:J, 8, FALSE), "") | J455: =IF(A455=A456, RIGHT(D455, 8)&" à "&RIGHT(C456, 8), "") -> 15:07:31 à 16:22:00 | K455: =IF(A455=A456, C456, "") -> 2016-06-03 16:22:00 | L455: =IF(A455=A456, G456, "") -> 0.051724537 | M455: =IF(A455=A456, E455, "") -> 0.0073263889 | N455: =IF(A455=A456, H456, "") -> BASE RAZEL AEROPORT - CARRIERE LOGBADJECK
A456: BVT79 | B456: CARRIERE LOGBADJECK | C456: 2016-06-03 16:22:00 | D456: 2016-06-03 16:49:16 | E456: =IFERROR(D456-C456, "") -> 0.018935185 | F456: Jeudi | G456: =IF(A456=A455, C456-D455, "") -> 0.051724537 | H456: =IF(A456=A455, B455&" - "&B456, "") -> BASE RAZEL AEROPORT - CARRIERE LOGBADJECK | I456: =IF(F455='Données Hebdo'!A456, VLOOKUP(Feuil1!A456, 'Données Hebdo'!B:J, 8, FALSE), "") | J456: =IF(A456=A457, RIGHT(D456, 8)&" à "&RIGHT(C457, 8), "") -> 16:49:16 à 18:07:38 | K456: =IF(A456=A457, C457, "") -> 2016-06-03 18:07:38 | L456: =IF(A456=A457, G457, "") -> 0.054421296 | M456: =IF(A456=A457, E456, "") -> 0.018935185 | N456: =IF(A456=A457, H457, "") -> CARRIERE LOGBADJECK - BASE RAZEL AEROPORT
A457: BVT79 | B457: BASE RAZEL AEROPORT | C457: 2016-06-03 18:07:38 | D457: 2016-06-04 07:12:55 | E457: =IFERROR(D457-C457, "") -> 0.54533565 | F457: Jeudi | G457: =IF(A457=A456, C457-D456, "") -> 0.054421296 | H457: =IF(A457=A456, B456&" - "&B457, "") -> CARRIERE LOGBADJECK - BASE RAZEL AEROPORT | I457: =IF(F456='Données Hebdo'!A457, VLOOKUP(Feuil1!A457, 'Données Hebdo'!B:J, 8, FALSE), "") | J457: =IF(A457=A458, RIGHT(D457, 8)&" à "&RIGHT(C458, 8), "") | K457: =IF(A457=A458, C458, "") | L457: =IF(A457=A458, G458, "") | M457: =IF(A457=A458, E457, "") | N457: =IF(A457=A458, H458, "")
A458: BVT59 | B458: BASE RAZEL PREFECTURE | C458: 2016-06-04 09:46:10 | D458: 2016-06-04 10:13:24 | E458: =IFERROR(D458-C458, "") -> 0.018912037 | F458: Jeudi | G458: =IF(A458=A457, C458-D457, "") | H458: =IF(A458=A457, B457&" - "&B458, "") | I458: =IF(F457='Données Hebdo'!A458, VLOOKUP(Feuil1!A458, 'Données Hebdo'!B:J, 8, FALSE), "") | J458: =IF(A458=A459, RIGHT(D458, 8)&" à "&RIGHT(C459, 8), "") -> 10:13:24 à 10:14:31 | K458: =IF(A458=A459, C459, "") -> 2016-06-04 10:14:31 | L458: =IF(A458=A459, G459, "") -> 0.00077546296 | M458: =IF(A458=A459, E458, "") -> 0.018912037 | N458: =IF(A458=A459, H459, "") -> BASE RAZEL PREFECTURE - BASE RAZEL PREFECTURE
A459: BVT59 | B459: BASE RAZEL PREFECTURE | C459: 2016-06-04 10:14:31 | D459: 2016-06-04 10:29:04 | E459: =IFERROR(D459-C459, "") -> 0.010104167 | F459: Jeudi | G459: =IF(A459=A458, C459-D458, "") -> 0.00077546296 | H459: =IF(A459=A458, B458&" - "&B459, "") -> BASE RAZEL PREFECTURE - BASE RAZEL PREFECTURE | I459: =IF(F458='Données Hebdo'!A459, VLOOKUP(Feuil1!A459, 'Données Hebdo'!B:J, 8, FALSE), "") | J459: =IF(A459=A460, RIGHT(D459, 8)&" à "&RIGHT(C460, 8), "") -> 10:29:04 à 10:30:14 | K459: =IF(A459=A460, C460, "") -> 2016-06-04 10:30:14 | L459: =IF(A459=A460, G460, "") -> 0.00081018519 | M459: =IF(A459=A460, E459, "") -> 0.010104167 | N459: =IF(A459=A460, H460, "") -> BASE RAZEL PREFECTURE - BASE RAZEL PREFECTURE
A460: BVT59 | B460: BASE RAZEL PREFECTURE | C460: 2016-06-04 10:30:14 | D460: 2016-06-04 10:33:54 | E460: =IFERROR(D460-C460, "") -> 0.0025462963 | F460: Jeudi | G460: =IF(A460=A459, C460-D459, "") -> 0.00081018519 | H460: =IF(A460=A459, B459&" - "&B460, "") -> BASE RAZEL PREFECTURE - BASE RAZEL PREFECTURE | I460: =IF(F459='Données Hebdo'!A460, VLOOKUP(Feuil1!A460, 'Données Hebdo'!B:J, 8, FALSE), "") | J460: =IF(A460=A461, RIGHT(D460, 8)&" à "&RIGHT(C461, 8), "") -> 10:33:54 à 10:35:10 | K460: =IF(A460=A461, C461, "") -> 2016-06-04 10:35:10 | L460: =IF(A460=A461, G461, "") -> 0.00087962963 | M460: =IF(A460=A461, E460, "") -> 0.0025462963 | N460: =IF(A460=A461, H461, "") -> BASE RAZEL PREFECTURE - BASE RAZEL PREFECTURE
A461: BVT59 | B461: BASE RAZEL PREFECTURE | C461: 2016-06-04 10:35:10 | D461: 2016-06-04 10:54:22 | E461: =IFERROR(D461-C461, "") -> 0.013333333 | F461: Jeudi | G461: =IF(A461=A460, C461-D460, "") -> 0.00087962963 | H461: =IF(A461=A460, B460&" - "&B461, "") -> BASE RAZEL PREFECTURE - BASE RAZEL PREFECTURE | I461: =IF(F460='Données Hebdo'!A461, VLOOKUP(Feuil1!A461, 'Données Hebdo'!B:J, 8, FALSE), "") | J461: =IF(A461=A462, RIGHT(D461, 8)&" à "&RIGHT(C462, 8), "") -> 10:54:22 à 10:54:54 | K461: =IF(A461=A462, C462, "") -> 2016-06-04 10:54:54 | L461: =IF(A461=A462, G462, "") -> 0.00037037037 | M461: =IF(A461=A462, E461, "") -> 0.013333333 | N461: =IF(A461=A462, H462, "") -> BASE RAZEL PREFECTURE - BASE RAZEL PREFECTURE
A462: BVT59 | B462: BASE RAZEL PREFECTURE | C462: 2016-06-04 10:54:54 | D462: 2016-06-04 10:59:35 | E462: =IFERROR(D462-C462, "") -> 0.0032523148 | F462: Jeudi | G462: =IF(A462=A461, C462-D461, "") -> 0.00037037037 | H462: =IF(A462=A461, B461&" - "&B462, "") -> BASE RAZEL PREFECTURE - BASE RAZEL PREFECTURE | I462: =IF(F461='Données Hebdo'!A462, VLOOKUP(Feuil1!A462, 'Données Hebdo'!B:J, 8, FALSE), "") | J462: =IF(A462=A463, RIGHT(D462, 8)&" à "&RIGHT(C463, 8), "") -> 10:59:35 à 11:00:20 | K462: =IF(A462=A463, C463, "") -> 2016-06-04 11:00:20 | L462: =IF(A462=A463, G463, "") -> 0.00052083333 | M462: =IF(A462=A463, E462, "") -> 0.0032523148 | N462: =IF(A462=A463, H463, "") -> BASE RAZEL PREFECTURE - BASE RAZEL PREFECTURE
A463: BVT59 | B463: BASE RAZEL PREFECTURE | C463: 2016-06-04 11:00:20 | D463: 2016-06-04 11:07:02 | E463: =IFERROR(D463-C463, "") -> 0.0046527778 | F463: Jeudi | G463: =IF(A463=A462, C463-D462, "") -> 0.00052083333 | H463: =IF(A463=A462, B462&" - "&B463, "") -> BASE RAZEL PREFECTURE - BASE RAZEL PREFECTURE | I463: =IF(F462='Données Hebdo'!A463, VLOOKUP(Feuil1!A463, 'Données Hebdo'!B:J, 8, FALSE), "") | J463: =IF(A463=A464, RIGHT(D463, 8)&" à "&RIGHT(C464, 8), "") -> 11:07:02 à 11:07:48 | K463: =IF(A463=A464, C464, "") -> 2016-06-04 11:07:48 | L463: =IF(A463=A464, G464, "") -> 0.00053240741 | M463: =IF(A463=A464, E463, "") -> 0.0046527778 | N463: =IF(A463=A464, H464, "") -> BASE RAZEL PREFECTURE - BASE RAZEL PREFECTURE
... A560: BVT60 | B560: BASE RAZEL AEROPORT | C560: 2016-06-04 18:10:33 | D560: 2016-06-05 07:33:37 | E560: =IFERROR(D560-C560, "") -> 0.55768519 | F560: Vendredi | G560: =IF(A560=A559, C560-D559, "") -> 0.29393519 | H560: =IF(A560=A559, B559&" - "&B560, "") -> BASE RAZEL AEROPORT - BASE RAZEL AEROPORT | I560: =IF(F559='Données Hebdo'!A560, VLOOKUP(Feuil1!A560, 'Données Hebdo'!B:J, 8, FALSE), "") | J560: =IF(A560=A561, RIGHT(D560, 8)&" à "&RIGHT(C561, 8), "") | K560: =IF(A560=A561, C561, "") | L560: =IF(A560=A561, G561, "") | M560: =IF(A560=A561, E560, "") | N560: =IF(A560=A561, H561, "")
